student_id,Student Name,Address Line,City,Country,E Mail
S1000,Marie Jimenez,15664 Angela Well,West Ashley,Bangladesh,shelby67@berg-lucas.com
S1001,Julie Ali,00495 Dennis Square,New Sarah,Netherlands,kenneth02@wilson.com
S1002,Brian Yang,100 Meyers Roads,South Shelley,Benin,johnsonsherri@gmail.com
S1003,Nicole Johnson,277 Austin Pines,Stewarttown,Nauru,lallen@morris.net
S1004,Casey Morris,42181 Miguel Vista,Lake Ericborough,Egypt,yschmidt@gmail.com
S1005,William Patterson,91839 Collins Parkways Apt. 069,South Regina,Montserrat,davisjeanette@miller.com
S1006,Nicole Williams,956 Shields Light,South Joseph,Italy,jhood@gmail.com
S1007,Michael Morse,12485 Destiny Row Suite 371,Amyborough,Japan,vmercado@gmail.com
S1008,Dale Villarreal,3376 Christine Track Suite 892,East Stephenchester,Palau,gracefuller@gmail.com
S1009,Kayla Perkins,932 Andersen Fields Suite 627,Bakermouth,Antigua and Barbuda,thompsonlisa@stevens.info
S1010,Daniel Larson,0308 Hernandez Overpass Apt. 434,Haleyside,United States of America,christopherprice@hunt.com
S1011,Barry Rivera,9155 Rodriguez Shoals Suite 665,Lake Andrew,Oman,johnstoncatherine@hernandez.com
S1012,Lisa Campos,307 Watson Stream,East Laurenmouth,Papua New Guinea,leejones@gmail.com
S1013,Sarah Lee,2857 Raymond Lakes,Lake Wendyborough,Central African Republic,ealexander@kim-johnson.org
S1014,Kristina Keller,222 Yang Field Suite 844,Lake Stevemouth,Qatar,armstrongmichael@fischer.com
S1015,Devin Cochran,38630 Albert Vista,Malikton,Botswana,bryanjones@hotmail.com
S1016,Melissa Watson,523 Jenna Lock Apt. 013,Port Kaitlynport,Uruguay,joelcontreras@gmail.com
S1017,Jessica West,359 Mark Fork,New James,Bahrain,xrobinson@lopez.com
S1018,David Richardson,0647 Young Vista Suite 259,East Amber,Greece,bdavis@yahoo.com
S1019,Allison Sanders,1084 Danielle Wall Apt. 246,Lake Patrickview,Paraguay,watsonbrian@hotmail.com
S1020,Courtney James,44083 Wolfe Plain Apt. 600,South Sandra,Sweden,zleon@gmail.com
S1021,Eric Boyd,331 Joseph Pass,Lake Paigeport,Greenland,bowensergio@yahoo.com
S1022,Lisa Shaw,0197 Wendy Glens Suite 126,Webermouth,United Kingdom,igray@colon.com
S1023,Lynn Daugherty,21930 Russo Parkways Suite 104,North Nicholas,Wallis and Futuna,brianschultz@acosta.com
S1024,Paul Thomas,6645 Lane Fork Apt. 489,Rubenville,Nicaragua,wmclean@morales-powell.com
S1025,Nicholas Alvarez,6723 Foster Lock Suite 954,New Lisa,Cyprus,davisleon@gmail.com
S1026,William Cannon,0723 Mueller Mount,New Nicholasfurt,Cote d'Ivoire,anthony48@hotmail.com
S1027,Alexandra Best,3847 Joseph Way Apt. 226,Whiteshire,El Salvador,garnerbrandon@hicks-williams.net
S1028,Mike Adams,04170 James River Apt. 930,New Kenneth,Libyan Arab Jamahiriya,psullivan@gutierrez-valencia.com
S1029,Kenneth Pierce,262 Mckay Stravenue Suite 511,Charlesmouth,Sao Tome and Principe,jacobsantana@gmail.com
S1030,Tyler Berry,70416 Matthew Unions,North Robertberg,Mali,james85@sanchez.com
S1031,Geoffrey Bell,74430 Brown Green,Port Alexandra,Isle of Man,vfoster@richardson-madden.com
S1032,Sean Cunningham,170 Hailey Mountains,Juliaberg,Zimbabwe,tyler89@lam.com
S1033,Elizabeth Chang,313 Donald Gardens,Tiffanytown,Niue,dlopez@hotmail.com
S1034,Sarah Baker,261 Day Bypass Apt. 588,South Matthew,Bhutan,denise24@williams.org
S1035,Shane Duffy,5002 Sanford Loaf,Port Stacyborough,United Arab Emirates,owhite@anderson.biz
S1036,Crystal Bauer,707 Jenkins Route Suite 844,Port John,India,hickmanjesse@hayes.net
S1037,Andrew Marshall,387 Jon Haven Apt. 924,Lake Jennifer,Burundi,vprice@gmail.com
S1038,Miss Amy Sheppard,4053 Christina Plain,Port Alexander,Malawi,jennifersmith@pruitt-hamilton.com
S1039,Jeffrey Barrera,30765 Mcpherson Cliff,Donaldview,Cyprus,andrewbrown@yahoo.com
S1040,Joshua Powell,045 Linda Walks,South Karenberg,Norway,dustin51@scott-park.info
S1041,Kelsey Stevenson,8633 May Stream Suite 179,West Samantha,Burkina Faso,thomasthomas@hotmail.com
S1042,Daniel Meyer,38851 Crosby Road,West Dean,Saint Vincent and the Grenadines,phillipsanchez@yahoo.com
S1043,Kimberly Garcia,693 Buchanan Course Apt. 298,West Annaburgh,Azerbaijan,dcampbell@hotmail.com
S1044,Joseph Washington,022 Maria Corners,Chenchester,Canada,christophersmith@yahoo.com
S1045,James Francis,8835 Jacobs Fords Suite 524,South Andrewfort,Senegal,rachel22@yahoo.com
S1046,Christina Simpson,223 Brian Mission,Christophermouth,Israel,ajones@mcdonald.com
S1047,Mary Briggs,122 Zachary Plain Suite 731,Youngberg,Armenia,william53@hotmail.com
S1048,Joel Gonzales,5352 Smith View,Lake Danielland,Venezuela,ewhite@hotmail.com
S1049,Juan Brooks,480 David Villages,West Deanna,Latvia,ksanders@harris.info
S1050,Brooke Perry,68968 Le Stravenue Suite 747,Jacksontown,Ghana,andersonjustin@mccann-knapp.com
S1051,Carlos Mitchell,05013 Miller Prairie,Maryshire,Philippines,williamsonkaren@gmail.com
S1052,Lauren Miller,59133 Seth Vista,West Robert,Lesotho,jasmine75@munoz.com
S1053,Nicholas Foster,5002 Stephens Valley Apt. 495,North Jillianchester,San Marino,fischerparker@gmail.com
S1054,Jason Klein,06515 Silva Estate Suite 151,Aliciaport,Romania,belljohn@gonzales-abbott.com
S1055,Andrew Fisher,79382 Cole Groves Apt. 190,North Dawn,Saint Barthelemy,hurstpamela@yahoo.com
S1056,Jessica Macias,26858 Becker Isle Suite 014,Wilkersonfurt,Cape Verde,smithmichael@hotmail.com
S1057,Brian Valdez,7234 Thornton Junctions Apt. 148,Melissaport,Gambia,eric67@lee.com
S1058,Joyce Jones,526 Stephanie Glens Apt. 145,New Anntown,Sierra Leone,cynthia40@yahoo.com
S1059,Scott May,601 Thomas Wall Apt. 991,New Christine,British Virgin Islands,urussell@dean-guzman.org
S1060,James Ward,584 Carroll Shoal,Williamsmouth,Guam,angeladiaz@yahoo.com
S1061,Hayley Osborne,35348 James Branch Apt. 526,Josephland,Suriname,amy88@atkins.com
S1062,Aaron Ramos,90927 Jessica Meadows Apt. 835,Bennettmouth,Micronesia,clandry@yahoo.com
S1063,Tyler Greer,6811 Valerie Throughway Suite 004,West Latoya,Antigua and Barbuda,roger65@hotmail.com
S1064,Barbara Mathis,626 Ralph Cliff Suite 910,West Heatherborough,Greece,dillonangela@carroll.com
S1065,Daniel Garner,85466 Morris Port,New William,Bhutan,hjacobson@yahoo.com
S1066,Matthew Yates,688 Isaac Plaza,East Taylor,Nigeria,yphillips@garcia.biz
S1067,Rebecca Richardson,00849 Jones Hills,Karafort,Palau,cdavis@garza-collins.info
S1068,Sandra Patel,41115 Estrada Ville,Lake Peggyfort,Madagascar,prattjon@anderson.com
S1069,Richard Kent,05068 Olivia Mountains,North Nicole,Papua New Guinea,sheila42@nelson.com
S1070,Nicole Blackwell,888 Jenkins Trail,Christopherburgh,Thailand,satkins@gmail.com
S1071,Rachel Evans,444 Dean Viaduct,Longfort,Malawi,michael44@olsen.net
S1072,Stacey Mccoy,890 Evans Glens Suite 634,North John,United States of America,shahsara@hotmail.com
S1073,Shelby Bennett,36464 Keller Locks,Gallagherton,Nauru,andreford@yahoo.com
S1074,Olivia Anderson,0561 Justin Forest Suite 506,New Karen,Liberia,sfreeman@hotmail.com
S1075,Darius Walton,746 Lopez View,Davisborough,Micronesia,jonathan19@gmail.com
S1076,Jonathan Valencia,240 Lamb Drive,Lisaborough,Moldova,lfreeman@adams.com
S1077,Matthew Smith,3374 Thompson Ville,North Christopherchester,Bangladesh,palmerdaniel@wagner.com
S1078,Christopher Jimenez,78353 Luke Street Apt. 026,New Catherineside,United States of America,timothyjordan@mcconnell.com
S1079,Melissa Rogers,983 Charles Wells Apt. 938,South Markville,Gibraltar,rsmith@hotmail.com
S1080,Nicholas Harris,5641 Melinda Isle,Arnoldmouth,Mauritania,amy36@gmail.com
S1081,Barry Maxwell,6060 Betty Ways,Millerhaven,Dominican Republic,brent30@gmail.com
S1082,Theresa Garcia,0657 Cheryl Views,Wilsontown,Cuba,anthony12@white-green.com
S1083,Mason Lopez,3841 Richard Park,Annaville,Solomon Islands,wpatton@jenkins-young.com
S1084,Brittany Berry,5685 Kevin Wells,West Lukeborough,Myanmar,wnewman@hotmail.com
S1085,Brenda Jackson,503 Jasmine Trace,Reneehaven,Cote d'Ivoire,pgamble@hotmail.com
S1086,Julie Diaz MD,8532 Mcclure Springs,Perezberg,Hong Kong,christopher41@yahoo.com
S1087,Kayla Thomas,7251 Jonathan Harbors Apt. 777,Port Andreaberg,Dominican Republic,llee@flynn-bryant.org
S1088,Teresa Ritter,944 Stacey Flat,Melissastad,Malawi,gharris@gmail.com
S1089,Amanda Walters,6818 Yvette Corner Apt. 363,Browntown,Guernsey,patriciahowell@hill.com
S1090,Natasha Foley DDS,216 Valencia Dale,North Michelle,Mali,wcase@williams-horton.info
S1091,Jessica Acosta,186 Jacobs Mews Apt. 284,Stevenbury,Tonga,lori04@dixon.com
S1092,Katherine Davis,201 Williams Flat Suite 200,Turnerborough,Antigua and Barbuda,rhodesreginald@vasquez.com
S1093,Mackenzie Flynn,610 Lewis Manors,Davilaview,Niue,richard25@colon.com
S1094,Steven Myers,455 Charles Drive,Wrightfort,Nepal,kimberlynavarro@cardenas-knight.com
S1095,Martin Fields,830 Lam Lakes Suite 927,Michaelfurt,Slovenia,watkinstraci@kelly.com
S1096,Kimberly Aguilar,1123 Fletcher Coves,Campbelltown,Norway,alejandro23@yahoo.com
S1097,Dr. Timothy Oliver,8301 Stephenson Mill,Lake Johnchester,Mali,oscarruiz@sanchez.com
S1098,Charles Morse,280 Valerie View Apt. 505,Heatherchester,Kenya,rstone@gmail.com
S1099,Jerry Robinson,8997 Parker Gardens,Nguyenfort,Argentina,wjohnson@yahoo.com
S1100,Shelby Johnson,71760 Diane Neck,Jeffreystad,Colombia,kendramoore@smith-cooper.biz
S1101,Frank Frazier,193 Willie Mews Apt. 830,East Kristinatown,Bermuda,leahlam@wang.org
S1102,Emily Palmer,62345 Martin Plaza Suite 437,Colinville,Qatar,travis45@hotmail.com
S1103,Paul Steele,423 Bradley Points Suite 417,Lake Andrea,Belgium,reyeschristopher@anderson.info
S1104,Mary Craig,92312 Myers Alley,Hallland,Iran,rachel89@gmail.com
S1105,Andrea Skinner,01583 Hutchinson Club,West Joseph,Sao Tome and Principe,katie95@holland.com
S1106,Kelly Flores,72881 Michael Overpass Apt. 716,Jesusborough,Serbia,michelle39@gmail.com
S1107,David Dawson,019 Chavez Road,East Maryshire,Rwanda,justinjackson@hotmail.com
S1108,Nicholas Estrada,19110 Blake Coves,Port Michaelshire,United States Virgin Islands,udougherty@rosario-larson.net
S1109,Robert Pierce,16288 Brian View Apt. 694,Reginaview,Cote d'Ivoire,eriley@west-powell.com
S1110,Jeffery Santos,25923 Kyle Forks,Kimberlybury,Kuwait,acevedojustin@hill-jones.biz
S1111,Adam Jones,059 Morse Station,Derekfort,Finland,mariahbray@gmail.com
S1112,Joanna Stevens,7189 Bradford Rapid Apt. 222,Richardview,Argentina,annejenkins@yahoo.com
S1113,David Barron,3849 Johnson Brooks,Turnerchester,Czech Republic,jennifer48@yahoo.com
S1114,Kristen Meyer,9460 Taylor Orchard Suite 050,Jamesville,Benin,pyoung@hotmail.com
S1115,Gerald Allen,8009 Melissa Islands,East April,Kyrgyz Republic,sherry97@hernandez.info
S1116,Michelle West,5049 Soto Crest,Port Williambury,Netherlands Antilles,thorntonjoseph@gmail.com
S1117,Ashley Moore,8893 Leon Turnpike,Lake Bradley,Cocos (Keeling) Islands,wmiller@gmail.com
S1118,Kevin Bolton,7526 West Village Suite 207,Katrinaville,Sudan,nealdavid@hotmail.com
S1119,Arthur Vang,8177 Kelly Extensions,Ambermouth,Guam,erika44@hotmail.com
S1120,Joseph Wilson,1482 Shelby Springs Apt. 006,East Derekview,Greece,catherinerussell@gmail.com
S1121,Alexander Johnson,149 Victoria Locks Apt. 563,North Michaelville,United States of America,michaelturner@griffin-harrell.com
S1122,Sophia Meyers,901 Thompson Fall Apt. 351,Marymouth,Ghana,pbaird@harris.org
S1123,Kelly Reyes,26847 Chavez Square Suite 019,Jenkinsbury,Cocos (Keeling) Islands,rogerselizabeth@wilkins-carter.info
S1124,Michelle Powell,2694 Ochoa Bridge Suite 709,South Ivanbury,American Samoa,allenwatson@yahoo.com
S1125,Seth Arnold,2543 Wanda Stravenue Apt. 142,Lake Markburgh,Svalbard & Jan Mayen Islands,misty31@hess.net
S1126,Kevin Jones,2389 David Cliffs Apt. 251,Ramirezshire,Venezuela,nhart@yahoo.com
S1127,Jennifer Bates,354 Henry Burg,North Tomview,Montserrat,wthompson@proctor.com
S1128,Anthony Sanford,7189 Knight Highway,Grantbury,Ethiopia,rmeyer@gmail.com
S1129,Ana Yang,5001 Patricia Mills Apt. 063,Waltertown,Armenia,morgan56@yahoo.com
S1130,Heather Silva,918 Garcia Square Suite 190,Lake Peter,Djibouti,leegregory@gmail.com
S1131,William Allen,09141 Amy Island Apt. 775,Michaelmouth,South Georgia and the South Sandwich Islands,allenstacey@kelley.com
S1132,Sarah Stewart,6072 Heather Prairie,East Shannon,Venezuela,scottbrent@ramsey-cole.com
S1133,Aaron Martin,46747 Donald Avenue Apt. 281,Peterbury,Austria,smithkimberly@sullivan-reynolds.net
S1134,David Lewis,42283 Williams Cliff,Smithview,Netherlands,curtisoneal@barker.com
S1135,Jason Collins,3041 Lewis Ridge Suite 642,Lake Rhonda,Norfolk Island,katie16@andrews-phillips.com
S1136,Jesus Cooper,908 Erika Lock Suite 021,Lewistown,Jamaica,carriewood@hotmail.com
S1137,Jeffery Lewis,7740 Johnathan Curve Apt. 253,New Kaylaborough,Sri Lanka,michelleclark@munoz.com
S1138,Jennifer Hopkins,4560 Jessica Locks,Tammytown,Christmas Island,renee55@lang.biz
S1139,Stephen Bowen,498 Nolan Club Suite 969,East Jennaburgh,Tuvalu,meghanmccarthy@hotmail.com
S1140,Patricia Kennedy,50557 Payne Haven,North Gabriel,Timor-Leste,amy20@nguyen.com
S1141,Gregory Ramos,646 Chambers Mountain Apt. 157,Robersonchester,Chile,levinetyler@burns.com
S1142,Shawna Foley,2243 Laura Row Apt. 951,Luisfort,Moldova,michellerichards@hotmail.com
S1143,Carol Turner,50889 Todd Squares,West Sandyfurt,Gabon,jonathanphillips@brown-nelson.com
S1144,John Williams,8602 Nicholas Throughway,Andreaview,Eritrea,lewisandrea@daniels-anderson.com
S1145,Kevin Hudson,68003 Michael Fort Apt. 635,West Jennifer,Germany,george17@schultz-porter.com
S1146,Gary Norris,3645 Olson Well,East Alicia,Afghanistan,william23@hansen.com
S1147,Kristi Dominguez,956 Torres Rue,Port Ruben,Saint Vincent and the Grenadines,perkinsstephanie@carter-williams.com
S1148,Amanda Stokes,4775 Fox Avenue Suite 838,North David,Isle of Man,amythomas@hotmail.com
S1149,Meghan Scott,82965 Peterson Viaduct,Port Mariaville,Venezuela,millerryan@yahoo.com
S1150,Brenda Rogers,5782 Mckinney Springs,West Kennethberg,Dominican Republic,ycummings@gmail.com
S1151,Chase Andrews,742 Jessica Freeway,Joshuaville,Costa Rica,leroy64@king.info
S1152,Amber Holmes,137 Anderson Meadow Suite 194,East Brian,Croatia,devinsanchez@salinas.com
S1153,Kimberly Brown,83856 Brent Meadow Apt. 031,Port Jonchester,Libyan Arab Jamahiriya,harmonlouis@jackson.net
S1154,Christina Duncan,666 Ronald Roads Suite 079,Parkview,Marshall Islands,bjackson@gmail.com
S1155,Billy Lewis,98107 Cervantes Lake Apt. 244,Johnfort,Indonesia,amandajohnson@gmail.com
S1156,Scott Padilla,27016 Price Rapids,East Jessicaburgh,Costa Rica,mccarthydavid@hotmail.com
S1157,Lawrence Jacobson Jr.,6069 Dalton River Apt. 667,Nicolechester,Iceland,reedpaula@hotmail.com
S1158,Benjamin White,707 Dean Gardens,Sharonport,Burkina Faso,kristen87@yahoo.com
S1159,Patrick Jackson,777 Hanson Rue Apt. 301,South Jeffreyburgh,Botswana,oshannon@hutchinson.com
S1160,Brian Butler,84753 Benjamin Shoals,Chaneyfort,Palau,alvin03@norman.com
S1161,Mackenzie Sanchez,90686 Sullivan Overpass,North Rachelport,Solomon Islands,joshuaryan@gmail.com
S1162,Chad White,163 Joseph Hollow,Michelechester,Burundi,natalieperez@yahoo.com
S1163,Samantha Koch MD,7213 Foster Hollow,Lake Michaeltown,Germany,hmack@williams.com
S1164,Paul Cox,324 Michael Burgs,Port Derek,Albania,vrodriguez@hotmail.com
S1165,Brianna Castillo,231 Laura Streets Apt. 447,Markhaven,Greenland,pattonchristopher@kent.org
S1166,Stephen Wilkerson,35483 Willis Highway,Marcusland,Luxembourg,jenniferbaker@yahoo.com
S1167,Andrew Mcconnell,524 Paul Forges,Jamesland,Bangladesh,bjohnson@yahoo.com
S1168,Kelly Butler,443 Burgess Manors,Katrinamouth,Mongolia,melinda22@smith-taylor.com
S1169,David Peterson,5968 Gabrielle Ford,Lake Paulamouth,Romania,robert96@gmail.com
S1170,Alan Huang,959 Knight Cape,Williamsport,Rwanda,vlandry@martinez.com
S1171,Katrina Swanson,8313 Smith Trafficway Suite 299,West Drewside,Singapore,anna76@newman.com
S1172,Megan Schneider,1104 Ray Path,Wilsonchester,British Indian Ocean Territory (Chagos Archipelago),jeffrey47@gmail.com
S1173,Amy Brooks,431 Hester Village Suite 204,Victoriastad,Eritrea,branchbrittany@fuller.com
S1174,Christopher Douglas,7601 Barbara Mews,Smithburgh,Gabon,cgarcia@davis.com
S1175,Kevin Russell,7208 Cheryl Stravenue Apt. 092,Gregside,Paraguay,qhall@garcia-perez.com
S1176,Christian Wood,7757 Clark Forks,Jodymouth,Equatorial Guinea,meganhenderson@miller.info
S1177,Nathan Rivera,34610 Robles Views Apt. 730,Whitechester,Mexico,joshuarussell@gmail.com
S1178,Ethan Price,409 White Trail,Lake Michaelstad,Bahrain,melissamccoy@jennings-perez.com
S1179,Sheila Marks,161 Dennis Cove,Port Jared,Timor-Leste,pyork@hotmail.com
S1180,Benjamin Frederick,6563 Bishop Plains Suite 359,Port Davidview,Russian Federation,benjaminbaker@gmail.com
S1181,Alexis Burch,54348 Ryan Parks Suite 744,Stewarttown,Saudi Arabia,jason08@gmail.com
S1182,David Hill,0054 Jessica Cliffs Apt. 688,Thompsontown,Jordan,rfitzgerald@lynch.com
S1183,Heather Gonzalez,0582 Robert Island Suite 959,Lake Lori,Lebanon,ilowery@gmail.com
S1184,Timothy Morales,517 Nathaniel Points,Gallagherstad,Palau,christopher72@hotmail.com
S1185,Peter Walton,854 Ross Views Suite 080,Beckerside,Heard Island and McDonald Islands,schmidtmelissa@yahoo.com
S1186,Brian Nichols,148 Lisa Fork,Austinhaven,Montserrat,andersonpatricia@hotmail.com
S1187,Elizabeth Anderson,9098 Timothy Light Apt. 379,Shannonborough,Libyan Arab Jamahiriya,robert70@martinez-jones.com
S1188,Brandi Wright,417 Gillespie Plaza Suite 263,Lake Jillian,Gibraltar,jose19@murphy.com
S1189,Christopher Richardson,3809 John Center Suite 459,New Brittanyfurt,Nauru,fstone@smith-reid.com
S1190,Kevin Mcdonald,59463 Marisa Turnpike Apt. 753,Shepardview,Isle of Man,molly45@barker.info
S1191,Lori Snyder,2540 Berger Corner,South Heidiburgh,Venezuela,joshua48@hotmail.com
S1192,Jessica Cox,260 Joshua Rest Suite 917,Rossport,Iceland,sosaedward@yahoo.com
S1193,Megan George,667 John Trail Apt. 749,Lake Bradyville,Cambodia,zhudson@smith-byrd.com
S1194,Kevin Brown,032 Adam Summit,Donnafort,Netherlands,angelicaramirez@yahoo.com
S1195,Jennifer Henderson,90954 Nicholas Harbor,Sharphaven,Rwanda,sellerstiffany@hotmail.com
S1196,Jackie Luna,2501 Matthew Lock,New Cameronberg,Iraq,myerschristopher@yahoo.com
S1197,Steven Mitchell,59992 Mason Vista Suite 532,West John,Armenia,anitaobrien@hotmail.com
S1198,Justin Santiago,046 Christine Curve,West Dean,French Guiana,vmcbride@fowler.org
S1199,Martha Burnett,3086 Bernard Plain,South Mariachester,Cuba,nicholas11@yahoo.com
S1200,Neil Moore,58549 David Turnpike Apt. 667,Isabelborough,Korea,william15@hotmail.com
S1201,Danielle Hill,975 Michael Streets,Danielton,Azerbaijan,michaelstephens@yahoo.com
S1202,April Edwards,5752 Castillo Cape,North Joann,Equatorial Guinea,wilsonlaurie@jackson.com
S1203,Kayla Leonard,0901 Miguel Grove Apt. 910,Port Luke,Austria,carlanovak@hotmail.com
S1204,Zachary Hanson,52514 Newman Walks Suite 202,Aliceville,India,kelly89@norris-barrett.org
S1205,Denise Douglas,589 Charles Harbor,Montoyaland,Oman,abuck@yahoo.com
S1206,Aimee Hopkins DDS,649 Roy Ranch Suite 931,Lake Amandashire,Malta,kylekeith@harrison.com
S1207,Fred Rivera,54636 Michael Well Apt. 875,Paulaville,Anguilla,andersonjohn@gillespie-johnson.com
S1208,Ruth Schultz,7009 Wilkinson Road,South Charleneburgh,Hong Kong,maddoxtina@hotmail.com
S1209,Casey Gray,8978 Jamie Overpass Suite 479,Alexaton,Armenia,erogers@hotmail.com
S1210,Mrs. Angelica Moyer,010 Hernandez Corners Apt. 499,Kingbury,Ecuador,davidwaters@moyer.info
S1211,Jennifer Blackburn,918 Dawson Place Apt. 563,Port Williammouth,India,michelle90@johnson.com
S1212,Joseph Brown,258 Amanda Plaza,Benjaminton,Turks and Caicos Islands,aaron05@gmail.com
S1213,Lisa Moreno,30091 Shaw Isle Suite 001,South Jonathan,Nicaragua,reginamartinez@bender.com
S1214,Jennifer Richards,6130 Lara Bridge Suite 123,Port Christopherberg,Cameroon,wallacemanuel@jackson.biz
S1215,Tiffany Moran DDS,807 Diaz Cliffs,Allenstad,Congo,joshua00@daniels-spencer.com
S1216,Brian Schneider,55849 Lewis Lake Suite 484,Port Maureenfurt,Maldives,nhobbs@gmail.com
S1217,Nancy Robinson,89978 Randy Junctions Suite 968,Laurahaven,Sri Lanka,fieldsivan@barnes.info
S1218,John Williams,712 Dawn Ways,Port Robinbury,Antarctica (the territory South of 60 deg S),vrivera@spencer.com
S1219,Troy Rogers,156 Cross Junctions Suite 526,South Marcus,Slovakia (Slovak Republic),kramercourtney@holden.com
S1220,Aaron Logan,2400 Martin Lights Suite 422,Parkerport,Guadeloupe,wdavis@gmail.com
S1221,Catherine Reed,6711 Sexton Mount Apt. 100,North Jamesville,Jordan,brittanyjordan@gmail.com
S1222,Eric Ayers,748 Simon Mission Apt. 266,Lake Williamchester,British Indian Ocean Territory (Chagos Archipelago),jacob36@yahoo.com
S1223,James Little,624 Everett Points,Englishchester,Falkland Islands (Malvinas),owensbrian@strong.com
S1224,Richard Hernandez,59263 Jerry Parks Suite 975,Foleyfort,United States Virgin Islands,zsmith@gmail.com
S1225,Julia Smith,728 Jesse Shoals,Alanstad,Malawi,alvarezmichele@yahoo.com
S1226,Robert Pena,2643 Ashley Lock Suite 461,Christopherland,Canada,maxwellanna@hotmail.com
S1227,Alex Tucker,2991 David Highway,Caseyland,Canada,ilewis@gmail.com
S1228,Ricky Jarvis,657 April Divide,South Donna,Oman,heidi35@hotmail.com
S1229,Sandra Arnold,85204 Keith Forge Suite 742,Madelinemouth,Portugal,lynchnicole@miller-cooke.com
S1230,Tracy Bradford,7582 Alyssa Common,Tommymouth,Congo,natalie47@turner.com
S1231,Joseph Rubio,030 Michael Junctions Suite 028,Port Emilyborough,Tuvalu,tpearson@bell-roth.org
S1232,Carolyn Navarro,5614 Luis Branch,Port Ericton,Cambodia,austinbrown@yahoo.com
S1233,Katherine Smith,4502 Michael Crescent,Derrickbury,Iran,moorelori@yahoo.com
S1234,Janet Hansen,8147 Stephen Isle Suite 449,Daughertyborough,Ethiopia,stephensrobert@gmail.com
S1235,Kayla Ewing,0265 Smith Coves Apt. 906,West Maryside,Brunei Darussalam,brittanyhowell@knox.com
S1236,Tamara Burgess,716 Cameron Vista Suite 772,Tinaview,Eritrea,evancase@copeland.com
S1237,Ellen Little,842 Gerald Station,Aaronchester,Sri Lanka,shanedean@martinez-smith.net
S1238,Daniel Logan,8073 Robin Spur,Jennifermouth,Equatorial Guinea,shannonbryan@banks-alexander.com
S1239,Amy Brown,2509 Julie Mountains Suite 453,North Sarahstad,Zambia,sellerseric@yahoo.com
S1240,Lisa Gibson,3203 Hurley Bridge,Sandraborough,Isle of Man,joseph82@johnson.com
S1241,Matthew Richards,82658 Hudson Crest Apt. 627,New Theresa,Palau,sharonmcdaniel@hotmail.com
S1242,Eric Price,56503 Matthew Lake Suite 973,Hartmanchester,Anguilla,allenlevine@yahoo.com
S1243,Kristin Wilson,063 Tyrone Branch,South Larryton,Czech Republic,kellytorres@shaffer-peters.biz
S1244,Michelle Walton MD,187 Davidson Neck Suite 328,Martintown,French Southern Territories,brettdavenport@hotmail.com
S1245,Monica Smith,146 Fields Rue Suite 616,Aaronview,Korea,leealec@hudson.com
S1246,Kayla Green,3325 Tucker Turnpike,Heatherchester,Latvia,zyork@taylor.biz
S1247,Charles Hill,521 Jennifer Lane Apt. 417,New Juantown,Timor-Leste,susan43@hotmail.com
S1248,Mitchell Farmer,097 Nicholas Village,West Emma,Luxembourg,zberry@yahoo.com
S1249,Dawn Gonzalez,046 Jonathan Ford Apt. 030,East Christopherfort,Latvia,darin42@myers-fry.com
S1250,Mark Gray,2845 Ford Vista Apt. 390,Lake Leslietown,Luxembourg,mark97@yahoo.com
S1251,Troy Richards,2195 Martinez Mission,Lake Shannon,Brazil,briangibson@gmail.com
S1252,Amy Madden,6254 Joseph Plaza,Collinschester,Jersey,jennifergreer@young.com
S1253,Tammie Marshall,9579 Douglas Highway Apt. 995,Traceyside,Macedonia,michael11@yahoo.com
S1254,Debbie Guzman,275 Amanda Islands,Gregoryport,Indonesia,smithmia@carrillo.com
S1255,Nicholas Callahan,92433 Courtney Crescent Apt. 307,Laurentown,Grenada,kathleenscott@hotmail.com
S1256,Julie Bailey,018 Cynthia Brooks,West William,Montenegro,rachel14@yahoo.com
S1257,Anthony Oliver,790 Heather Knoll Apt. 770,Lake Kristin,Somalia,nvasquez@yahoo.com
S1258,Michael Green,8744 April Station Apt. 330,Brianhaven,Turkey,wanda21@yahoo.com
S1259,David Johnson,1074 Robin Rapids,Edwardsmouth,Uganda,kristenwilliams@hall-ware.com
S1260,Laura Simmons,335 Stephens Squares,Pamelamouth,Malaysia,merrittjonathan@hotmail.com
S1261,Stacy Weaver,561 Andrew Underpass Apt. 000,Stricklandfurt,United States Virgin Islands,jamesmorales@nelson.com
S1262,Amy Scott,925 Mitchell View,Lorihaven,Eritrea,christopher44@yahoo.com
S1263,Jennifer Watkins,023 Leon Rapid,Desireeburgh,Bahrain,fergusondominic@rios.biz
S1264,Steven Carroll,73168 Webster Burgs Apt. 581,North Linda,Svalbard & Jan Mayen Islands,john78@barry.biz
S1265,Jessica Williams,615 Powell Vista,Mistytown,Puerto Rico,codygarcia@thompson.com
S1266,David Lopez,49052 Rebecca Mountain,Markport,Tanzania,sarah44@silva.com
S1267,Lisa Orr,167 Victoria Isle Suite 981,Elijahshire,Saint Kitts and Nevis,smithashley@bruce.com
S1268,David Adams,59646 Linda Prairie Suite 677,West Brianchester,Croatia,ggreen@hotmail.com
S1269,Marvin Spencer,71656 Danny Keys Apt. 610,Port Seanmouth,Guyana,cynthiaramirez@hotmail.com
S1270,Erin Montoya,33510 Wells Squares Apt. 684,New Kyle,Marshall Islands,smithalicia@yahoo.com
S1271,Robert Thornton,042 Katie Radial,Floresland,Micronesia,sydney41@wilcox-williamson.org
S1272,Melissa Miller,8154 Allen Crossroad Suite 790,East Jeffery,Reunion,hsmith@gmail.com
S1273,Brandi Giles DDS,5530 Sampson Inlet,Lake Scottshire,Nauru,lewisstephanie@rios-parker.org
S1274,Timothy Lynch,4019 Morales Lodge,Lake Johnny,Kenya,jenkinskevin@benton.com
S1275,Maria Hayes,3369 Emily Vista Suite 189,Elizabethtown,Heard Island and McDonald Islands,jadams@yahoo.com
S1276,Stephen Haynes,3087 Patel Corners,Conniemouth,Mali,heather96@yahoo.com
S1277,Christopher Macias,012 Lisa Islands,Gomezburgh,Ireland,robertmartinez@walker.com
S1278,James Gross,3877 Elizabeth Village,North Christina,Tuvalu,zimmermanpamela@lawson.info
S1279,Robert Larson,316 Leslie Vista Apt. 144,North Raymond,Barbados,tiffany74@turner-evans.org
S1280,Crystal Rivera,818 Monica Extensions Suite 845,Mirandabury,Denmark,johnsontravis@hotmail.com
S1281,Keith Martinez Jr.,5081 John Haven Apt. 048,Bakertown,Gambia,ucombs@hotmail.com
S1282,Steven Lopez,2257 Jamie Courts Apt. 419,North Jennifer,Poland,davishunter@yahoo.com
S1283,Victoria Crawford,994 Mejia Grove Suite 848,New Derrickville,New Zealand,sharon69@yahoo.com
S1284,Nathan Cohen,72662 Austin Route,Lake Elizabethburgh,Kuwait,kelly74@hotmail.com
S1285,Stephanie Castillo,51325 Zachary Plains,Whiteport,Malta,ulogan@barnett-clayton.org
S1286,Karla Blackburn,09301 Judith Union,Michelemouth,Israel,banderson@crawford-norton.com
S1287,Donald White,51306 Jacob Motorway Suite 868,Lake Sharonborough,Greenland,priddle@yahoo.com
S1288,Elaine Bryant DDS,8130 Lin Hill Suite 881,Miaview,Tanzania,teresaavila@gmail.com
S1289,Rachel Johnston,72034 Lamb Squares,Clayshire,Liechtenstein,vfuller@hotmail.com
S1290,Michael Larson,6074 Carter Shore,West Michaelmouth,Luxembourg,michael49@smith.com
S1291,David Stewart,526 Jenkins Summit,South Jeremiahland,Oman,david89@hotmail.com
S1292,Joseph Coleman,6202 Johnson River,Port Nathan,Solomon Islands,chelsea62@yahoo.com
S1293,Jeffrey Wang,083 Danny Prairie Suite 682,Alextown,Mauritius,janet84@young-gonzalez.biz
S1294,Ann Brown,96479 Sweeney Fields Suite 587,East Clairechester,Seychelles,fwilliams@hayes.com
S1295,Ian Hanson,98662 Brenda Lake Suite 181,Calhounberg,Dominican Republic,kleinmichael@gmail.com
S1296,Isaac Fuller,912 Alan Brook Apt. 884,Toddton,Taiwan,kelly81@gmail.com
S1297,Claudia Greene,3574 Marshall Drives,East Kellie,Monaco,rsmith@hotmail.com
S1298,Lindsey Howard,02426 Manuel Mill,South Hannah,Swaziland,troy80@white-norton.net
S1299,Susan Flores,6304 Clark Knolls,Lake Jasonview,Cyprus,melissa51@yahoo.com
S1300,Michael Landry,807 Kayla Viaduct Apt. 376,Michaelton,Bangladesh,andreaferguson@khan.com
S1301,Sabrina Ford,55466 Espinoza Views,Codybury,Nigeria,reesewendy@yahoo.com
S1302,Stephanie Anderson,67816 Matthew Bypass,Campbellbury,Solomon Islands,smithdarrell@yahoo.com
S1303,Meagan Barr,42560 White Heights,Barnesburgh,Niger,lorihood@gmail.com
S1304,Tamara Jones,283 Mary Overpass Suite 896,Kaylaview,Israel,lynchchristopher@yahoo.com
S1305,Lori Bautista,5559 Eric Ridges,Nealberg,Romania,jonathan54@hotmail.com
S1306,Kirsten Ferguson,996 Craig Island Apt. 662,Santosburgh,Cambodia,leonardjasmine@gmail.com
S1307,Donna Kennedy,4466 Johnson Parks Suite 123,Ellisshire,Monaco,pagewilliam@gmail.com
S1308,Danielle Garcia,691 Barker Drive,North Dennis,Aruba,robinbrown@jones.com
S1309,Logan Thompson,27067 Cooley Square Apt. 411,Port Nicholaschester,Vietnam,kathleen91@davis.org
S1310,Gary Stewart,20201 Strickland Mills Suite 164,Conleyshire,Djibouti,bennettwilliam@fletcher.com
S1311,Kaitlin Brown,380 Ray Ports,South Christopher,Gibraltar,gsmith@hotmail.com
S1312,Jared Poole,1260 Aguirre Viaduct,West Lindsay,Poland,shannon54@gmail.com
S1313,Jennifer Smith,421 Chad Passage Suite 938,Lake Jonathan,Senegal,johnburton@mosley-baker.com
S1314,Brian Turner,10327 Rebecca Island Apt. 198,Jonesport,Zimbabwe,michael97@jacobson-thompson.org
S1315,Robin Harrington,602 Rivers Streets,Jamesstad,Lebanon,greenkevin@gmail.com
S1316,Warren Robbins,376 Anderson Forks,Port Crystalburgh,Belize,gregorygriffith@simpson.com
S1317,Kenneth Mendoza,42579 Brewer Hollow Apt. 983,Buchananfort,Guinea,chaneysheila@yahoo.com
S1318,Kayla Carter,029 Rachel Canyon Suite 165,Jeffreytown,Cambodia,timothy94@yahoo.com
S1319,Daniel Lopez,38127 Jamie Motorway Apt. 802,West Jordan,Ghana,walleremily@franklin.com
S1320,Kristen Marshall,8104 Chase Forges,New Sarahside,Wallis and Futuna,kenneth90@gmail.com
S1321,Jeffrey Guzman,879 Turner Walks Apt. 310,Johnstonfurt,Albania,victoria08@yahoo.com
S1322,Joseph Beck,277 Aguirre Locks,East Jeff,Belize,hendersonanna@hernandez-cline.com
S1323,Sabrina Johnson,408 Rodney Isle Suite 834,West Bobview,Iceland,christina55@hotmail.com
S1324,Michael Wright,563 Daniel Greens Suite 814,Melissaberg,Dominica,edwardhensley@gmail.com
S1325,Darrell Lewis,3871 Torres Crescent Suite 062,Port Christinafort,Pitcairn Islands,cthompson@gmail.com
S1326,Kathleen Gilbert,951 Smith Cove,Woodland,Italy,lklein@yahoo.com
S1327,Billy Mccullough,6836 Stokes Ways,Ellisonview,Cocos (Keeling) Islands,melissaperez@edwards.com
S1328,Sonya Freeman,024 Laura Alley Suite 596,Wattschester,Montenegro,mwilliams@jimenez-morales.com
S1329,Cody Freeman,484 Sherry Locks,Annettemouth,Austria,shawnoconnor@yahoo.com
S1330,Maria Mills,485 Jeremy Fork Suite 699,Johnnyberg,Cocos (Keeling) Islands,taylorjohn@aguilar.net
S1331,Michael Diaz,831 Julia Court,Lake Lisafort,Macedonia,smartin@yahoo.com
S1332,Claire Weaver,2439 Morgan Garden Suite 327,North Moniqueland,Belize,michaelparker@roth-lam.com
S1333,Tommy Allen,604 William Mission,North Ericport,Rwanda,becky49@smith.com
S1334,Crystal Weiss,334 Bennett Parkways Apt. 670,North Katie,Morocco,margaret92@arroyo-ochoa.com
S1335,James Webb,7334 Michael Curve Apt. 904,Lamberthaven,Jamaica,moorestephanie@carey-landry.biz
S1336,Bianca Jones,988 Clayton Run,Lake David,Martinique,pthompson@yahoo.com
S1337,Corey Galvan,716 Brian Run,North Danielle,Aruba,gregorywilliams@gmail.com
S1338,Gary Cox,1325 Thomas Ferry Suite 543,Nicolebury,Guinea,vadams@hotmail.com
S1339,Whitney Price,5159 Jason Well Apt. 956,West Brooketown,Micronesia,mvelez@gmail.com
S1340,Tyler Montoya,06149 Ashley Plains Apt. 474,Hessstad,Dominican Republic,tammy39@fuentes-duran.com
S1341,Laurie Sandoval,6953 Christopher Oval Apt. 200,West Jason,Sao Tome and Principe,allisonbowman@waller-koch.com
S1342,Eric Carter,7306 Morales Lodge,Lake Michaelview,Uruguay,joshuamcpherson@blankenship.com
S1343,Robert Stewart,268 Bryan Plain,East Seanfurt,Moldova,gkent@phillips.biz
S1344,Tina Mclean,5743 Mason Pine,New Ashleyside,French Southern Territories,david26@bennett.com
S1345,Robert Moore,599 Sherry Lake Suite 066,Sloanside,Guinea-Bissau,ellisbrandon@hotmail.com
S1346,Sheri Lyons,54682 Sharon Pike Apt. 994,Lake Lisa,Western Sahara,christian41@nielsen.com
S1347,Christina Meyer,1720 Williams Ranch Apt. 127,Lake Manuel,Belize,chasemclean@hernandez.com
S1348,Matthew Jones,27268 Evans Isle,Christianview,Syrian Arab Republic,pwalker@grimes.com
S1349,Gary Norman,37786 Thompson Mountains,Lisaview,Tajikistan,xwilliams@hotmail.com
S1350,Austin Stephenson,61428 Hale Springs,Lindaburgh,Nepal,casey20@harper.net
S1351,Linda Sherman,049 Bell Key Apt. 668,Anthonyview,Moldova,ashleyhardin@ho.com
S1352,Danny Ferguson,819 Montoya Burg Suite 472,New Michaelville,Saint Barthelemy,brady45@reyes.net
S1353,Jeffrey Nelson,009 Deborah Stream,Lake Gary,Kyrgyz Republic,adkinsmonica@franco-ward.net
S1354,Christopher Martinez,204 Rivera Bridge Suite 106,Patriciachester,Finland,tjoseph@yahoo.com
S1355,Kim Franklin,3495 Jennifer Green Apt. 332,East Mollybury,Guam,qchapman@roberts-taylor.com
S1356,Denise Watts,794 Wagner Throughway,Riosburgh,Mali,imolina@hotmail.com
S1357,Hannah Chambers,59357 Hawkins Point Suite 360,Coreyville,Saint Barthelemy,crystalmartin@heath.com
S1358,Shirley Orozco,7094 Moon Tunnel,West Joseph,Vanuatu,danielgonzalez@scott.com
S1359,Charles Edwards,547 Andrew Spring,New Johnport,Montserrat,crussell@rodriguez-mueller.com
S1360,Gary Johnson,136 Margaret Gateway,East Marcus,Turkey,brownspencer@hotmail.com
S1361,David Oneal,839 Hunt Shores,Port Alexville,Uruguay,ronald78@turner.com
S1362,Selena Wilson,1246 Elliott Common Suite 008,East Alicia,Sweden,garrettlarry@gmail.com
S1363,Charles Williams,86228 Antonio Islands,New Sharon,Denmark,hayesjason@clay-coleman.com
S1364,Michelle Bauer,942 Walls Extension,North Jade,Maldives,donovandanielle@carey.com
S1365,Richard Carr,6183 Callahan Forks Apt. 055,Davisville,Cape Verde,ralphmaldonado@hotmail.com
S1366,Gregory Woodward,0320 Janice Mews Apt. 904,Kerrtown,Taiwan,hernandezjohn@yahoo.com
S1367,Thomas Armstrong,973 Gabriel Springs Suite 583,New Leahport,Bangladesh,alexis63@gmail.com
S1368,Brett Todd,3950 Gregory Rapid,Aliciaton,Gabon,xkennedy@rose-bullock.com
S1369,Jennifer Pitts,2445 Hudson Tunnel Suite 543,East Miguel,Dominican Republic,wadeautumn@parks.com
S1370,Melissa Williams,124 Kurt Camp Apt. 315,Coryhaven,Mongolia,nicholasjones@yahoo.com
S1371,Kristin Burke,182 Drew Ridges,Scottborough,Indonesia,johnathan31@olson.com
S1372,Meghan Hunt,6336 King View Apt. 894,Cruzburgh,Papua New Guinea,chanson@yahoo.com
S1373,Anthony Watson,246 Johnson Road Suite 781,Josephchester,China,lydia95@gmail.com
S1374,Ivan Collins,62789 Martin Port,Lake Craig,Ukraine,deanna86@nunez.com
S1375,Nathan Williams,4674 Gutierrez Cape Suite 319,Littleview,Paraguay,christophergreen@hotmail.com
S1376,Elizabeth Lee,57803 Zachary Gateway Apt. 876,North Katiebury,Puerto Rico,edwardsjames@drake-sanchez.net
S1377,Paul Lewis,564 Amber Ramp,New Christinaside,Papua New Guinea,mariawalsh@gmail.com
S1378,Connor Walton,869 Green Place,Ashleeton,Korea,ashleyreynolds@yahoo.com
S1379,David Newman,82932 Jennifer Run Apt. 621,Russobury,Tokelau,joanna94@yahoo.com
S1380,Rickey Price,8712 Holmes Trail,South Judyview,Mauritius,breannahartman@sullivan-hopkins.com
S1381,Christopher Smith MD,84421 Peter Station,New Mark,Kazakhstan,saunderssteven@reyes.biz
S1382,Shannon Simmons,354 Amy Greens Apt. 067,East Patricia,Saint Barthelemy,mikeweber@gmail.com
S1383,Frances Dillon,3367 Moore Stream Apt. 225,Elizabethside,Bulgaria,wagnerdavid@yahoo.com
S1384,Matthew Roach,5942 Waller Highway Suite 503,East Johnton,Lesotho,josejordan@gallagher-wagner.com
S1385,Jimmy Robinson,36589 Perez Mountains Suite 509,North Jasonbury,Korea,jonesdebra@gmail.com
S1386,Robert Nash,5466 Mark Streets Suite 131,Lake Elizabeth,Oman,kyle93@yahoo.com
S1387,Isabel Stewart,85671 Sydney Summit Apt. 209,North Alejandroland,Maldives,stanleylauren@hotmail.com
S1388,Kyle Torres,97793 Sean Centers,Rebeccaview,Tuvalu,leejohn@hotmail.com
S1389,Christine Taylor,376 Harmon Islands,Port Margaret,Cuba,davidsutton@hotmail.com
S1390,David Russo,71820 York Canyon Suite 225,Lake Andrewland,Turks and Caicos Islands,jpena@hotmail.com
S1391,Kara Sawyer,74853 Kerr Hill,Lake Johnchester,British Indian Ocean Territory (Chagos Archipelago),andreaayala@king-hale.info
S1392,Jill Weber,380 Cox Ridge,New Tonyafurt,United Arab Emirates,ricebrittany@hotmail.com
S1393,Larry Jones,4382 Terry Trail Apt. 853,East Edwardburgh,Brunei Darussalam,zglenn@woods.biz
S1394,Bill Leonard,798 Durham Lakes,Brownfort,Antarctica (the territory South of 60 deg S),alexasantiago@bates.com
S1395,Kaitlyn Bell,98013 Christina Circles,Jessicaberg,Belize,lauren56@hotmail.com
S1396,Amber Knight,83028 Tracy Hills Apt. 448,Kathyburgh,Portugal,david51@holloway.com
S1397,Lisa Thomas,58259 Kaiser Field,Port Tiffanyburgh,Sri Lanka,allenryan@gmail.com
S1398,Michael Houston,600 Jasmine Alley Apt. 298,Davidchester,Marshall Islands,rbailey@jackson.org
S1399,Samantha Smith,4080 Joseph Parks Apt. 020,New Jamie,Montserrat,scottmindy@yahoo.com
S1400,Arthur Knapp,501 Jennifer Lakes,Rebeccaborough,Nigeria,laurenrichards@yahoo.com
S1401,David Smith Jr.,78123 Clark Run Suite 800,New Patricia,Macedonia,jmiller@hansen-wright.com
S1402,Adam Daniel,20493 Jay Divide,South Carolynberg,Rwanda,madisonnorris@yahoo.com
S1403,Jill Lee,11772 Brian Springs,Robertfort,South Africa,james13@yahoo.com
S1404,Joshua Austin,7682 Molina Turnpike Suite 046,Lake Christinestad,Sweden,matthew25@norris-shelton.com
S1405,Dustin Cooke,6806 Mark Harbor Apt. 497,Blevinsborough,Ukraine,jason45@davidson-allen.info
S1406,Emily Adams,17611 Bradley Bridge Apt. 553,North Jasonchester,Guyana,kathleenjohnson@gmail.com
S1407,Brandon Hall,308 David Greens,New Lindsayborough,Seychelles,kevinjones@hahn.com
S1408,Roy Rios,17680 Rogers Passage,Yeseniachester,Sudan,erinsmith@hotmail.com
S1409,Bonnie Stewart,7457 Jerry Ports,New Annette,Saint Lucia,herreraelizabeth@hotmail.com
S1410,Russell Moore,686 Martin Islands,Frankshire,Chad,ythomas@gmail.com
S1411,Christopher Peck,6984 Amanda Mills Apt. 500,North Matthew,Libyan Arab Jamahiriya,wdixon@miller.info
S1412,Pamela Espinoza,6925 Michael Route,South Elizabethland,Cook Islands,lydia45@yahoo.com
S1413,Kristen Charles,5198 Jessica Ferry Suite 453,East Elizabethmouth,Peru,msanchez@duarte-mcdonald.com
S1414,Kimberly Woods,46653 Gonzalez Street Suite 665,Powersland,Montenegro,phillipallen@hotmail.com
S1415,Jeremy Clark,7324 Christy Lake,Lake Elizabeth,Western Sahara,jmurphy@hotmail.com
S1416,Misty Ware,9896 Dawn Loop Suite 235,Samuelstad,Chad,jacob95@tanner.org
S1417,James Baird,00940 Jorge Mill,East Elizabeth,United States of America,yjones@davis.com
S1418,Stephanie Chapman,298 Mathews Knoll Apt. 254,Ashleyville,Ghana,jameswelch@mcdaniel.com
S1419,Derek Kirk,423 Larsen Glens,Jeffersonport,Gabon,jacquelinecarrillo@smith-lee.com
S1420,Larry Phillips,087 Lam Glen,Bushside,United Kingdom,keith87@hotmail.com
S1421,Angela Bell,60303 Berry Islands,New Manuelport,Cayman Islands,boothkaren@yahoo.com
S1422,Betty White,463 James Heights Apt. 074,South Jamie,Pakistan,rodneygrimes@decker.net
S1423,Jason Mccullough,441 Collins Mountains,East Bonnie,Marshall Islands,linda77@gmail.com
S1424,Tyler Levine,536 Thompson Crossroad Apt. 245,New Brandi,Central African Republic,conradkristen@hotmail.com
S1425,Kathleen Roberts,5910 Shannon Radial,Nunezmouth,Micronesia,cnewman@burke-robinson.biz
S1426,Phillip Ruiz,2782 Michele Tunnel Apt. 289,Matthewbury,Guernsey,jeremy82@hill.biz
S1427,Michelle Bond,3785 Warren Greens Suite 947,Timothystad,Vietnam,laurenowens@williams.com
S1428,Mitchell Matthews,530 Adam Passage,Port Ellen,China,rachel44@yahoo.com
S1429,Phillip Smith,0582 Howard Cliffs Suite 252,North Kellyfort,New Zealand,garciacourtney@shelton-flores.com
S1430,Christopher Mosley MD,413 Moore Stravenue,North William,Vanuatu,esolomon@hotmail.com
S1431,Rebecca Bryant,631 Herrera Burg Suite 445,Lake Eric,Greenland,andersonsharon@ryan.com
S1432,Annette Lane,355 Sosa Island Suite 402,New Tara,Antarctica (the territory South of 60 deg S),martinkim@shepard.info
S1433,Olivia Alexander,11734 Douglas Port,Port Stacymouth,Saint Kitts and Nevis,julie90@hotmail.com
S1434,Melissa Ramirez,849 Williams Track,Simmonsview,Bolivia,edwinthomas@drake-ayala.biz
S1435,Kenneth Obrien,28377 Cole Ridges Apt. 755,Bradshawmouth,Liberia,courtneyroy@spencer-vang.com
S1436,Nicholas Richardson,105 Harrison Gateway,Goodmanborough,Bangladesh,floreschristina@marks-washington.net
S1437,Cody Simmons,637 William Trafficway Suite 831,Spencermouth,Saint Barthelemy,jenny32@thomas.com
S1438,Shaun Goodwin,333 Palmer Knolls Suite 742,Lake Andrea,Sri Lanka,eduardo26@kennedy.info
S1439,Mrs. Cheryl Carter,25386 Brown Fields,West Jesus,Belize,ramseyamanda@gutierrez.net
S1440,Fred Austin,732 Timothy Crest,West Jamesmouth,Belgium,knightshelley@hotmail.com
S1441,Alyssa Wright,3952 Samantha Points Suite 316,Hullstad,Saint Kitts and Nevis,jeanette28@torres.com
S1442,Sabrina Sullivan,249 Morgan Rapid,Morganchester,Brazil,calvinlandry@gmail.com
S1443,Danielle Douglas,40942 Adams Forges,North Kristinechester,Samoa,tina93@hotmail.com
S1444,Daniel Johnson,0084 Jeremy Stravenue Apt. 861,East Kristinastad,Lao People's Democratic Republic,ygarcia@thompson.com
S1445,James Allen,4750 Hall Village Apt. 175,North Marvinside,Saint Martin,ronniegrant@yahoo.com
S1446,Margaret Davis,822 Walker Spurs Suite 148,Lake Kelly,Saint Martin,alexander87@yahoo.com
S1447,Dr. Lisa Evans,8476 Michael Lane Suite 882,Port Kendrahaven,Korea,karenmatthews@gmail.com
S1448,John Walker,7045 Burgess Road,South Mollyton,Korea,dustinschaefer@mccall-gomez.info
S1449,Richard Moore,89899 Anna Tunnel Suite 642,Evanberg,Iraq,stephen46@yahoo.com
S1450,Amanda Kim DDS,526 Lindsay Point Apt. 893,Matthewmouth,Guyana,matthewsilva@west.info
S1451,Sheila Jones,2910 Stephen Brooks Suite 581,Kevinshire,Canada,marksmith@hayes.com
S1452,Stacy Thompson,08215 Audrey Route Suite 160,Brockmouth,Turkmenistan,huberlori@wolf.com
S1453,Terry Dunn,9846 Robinson Fields,South Williamberg,Brazil,karenjohnson@hill-olson.org
S1454,Duane Vasquez,8265 Nielsen Mountain,Josephstad,Philippines,gillanne@gmail.com
S1455,William Owens,12562 Williams Land,South Justinhaven,Saint Barthelemy,stephanieadams@gmail.com
S1456,Nicholas Ramirez,61983 Reid Forks,Lunaborough,Swaziland,rossteresa@evans-mitchell.com
S1457,Thomas Romero,55496 Carlos Walk,North Michaelbury,Venezuela,ymichael@yahoo.com
S1458,Dana Sandoval PhD,83513 Gentry Centers Suite 175,Ericksonshire,Lithuania,tina07@campbell.com
S1459,Michael Harris,206 Nguyen Harbor,Port Stacy,India,cartersarah@hotmail.com
S1460,Bruce Chan,8322 Gonzalez Drive Apt. 325,Reedfort,Estonia,davidwilliamson@garcia.biz
S1461,Brittany Jones,2934 Gabriela Garden Suite 826,Moodyport,Montenegro,wilkersonlauren@montgomery.biz
S1462,Timothy Welch,7013 Elizabeth Court Suite 524,Port Robert,Dominican Republic,spencer95@gmail.com
S1463,Jennifer Williams,29364 Becker Lane,Katieland,Gibraltar,tthomas@williams.com
S1464,Christopher Davis,59553 Charles Rest Suite 428,Lewisberg,Dominica,jonathanhayes@duran-ramirez.org
S1465,Tanya Howell,521 Scott Crescent,Hillside,Grenada,alexander86@hotmail.com
S1466,Jenny Dennis,65736 Perkins Isle Apt. 436,Teresaville,Zimbabwe,dguzman@hotmail.com
S1467,Nicole Smith,50159 Jerry Vista,South Michaelton,Djibouti,guerreroashley@gmail.com
S1468,Kimberly Daniel,702 John Corner,New Victorton,Netherlands,cochranthomas@white.com
S1469,Melissa Hall,9806 Jose Locks Apt. 835,North William,Singapore,wfranco@fuller.com
S1470,Barry Williams,95908 Cook Parkway Suite 725,Westfort,Burkina Faso,melissa68@gmail.com
S1471,Jerry Lewis,27285 Brian Lodge,Melodyville,Montenegro,lewisjennifer@yahoo.com
S1472,Mark Michael,87371 Jackson Junction Suite 698,Lake Glendamouth,Lebanon,evansmargaret@alvarado-hinton.info
S1473,James Payne,854 Fuentes Estates,Jenniferberg,Poland,smithchad@maldonado.com
S1474,Karen Cummings,26192 West Way,Martinezborough,Luxembourg,kristarogers@park-munoz.com
S1475,Linda Crawford,46850 Wagner Courts Apt. 177,Lewiston,Montserrat,jennifergarza@george.info
S1476,Mitchell Perry,80996 Torres Mill,North Anthonytown,Denmark,cynthia07@austin-perez.info
S1477,Susan Patterson,6768 Villa Corner Suite 319,Hermanview,Montenegro,dustin61@robinson.biz
S1478,Walter Baker,103 Angela Park,North Emilyfurt,Kenya,donnafoster@hotmail.com
S1479,Jared Marshall,62166 Christopher Falls Apt. 759,East Carriefort,Jordan,brendaknight@delacruz.com
S1480,James Rose,149 Wallace Walk Apt. 943,Port Mary,Norfolk Island,harrisjason@hall-powell.com
S1481,Kathy Willis,0144 Jones Views,New Isaiah,Niue,rgonzalez@white.com
S1482,Albert Moore,9354 Colon Run Suite 594,West Hannahhaven,Vanuatu,zsmith@davis.com
S1483,Christopher Eaton III,9028 Logan Stream Apt. 542,Port Ian,Guinea,krystalfreeman@yahoo.com
S1484,Ricardo Lawrence,603 Miller Walks,Port Raymondborough,Uruguay,margaretvalenzuela@yahoo.com
S1485,Michael Johnson,42823 Merritt Spurs Apt. 359,New Linda,Lao People's Democratic Republic,nicholas32@ballard.com
S1486,Nicole Mosley,15365 Ramirez Terrace,Loveberg,Iraq,alexandraking@mueller-sullivan.com
S1487,Mr. Adam Anderson,1626 Washington Parkways Suite 546,East Gina,Seychelles,williamsonheather@yahoo.com
S1488,William Soto,7039 Choi Stream,Stephenberg,Taiwan,daviskimberly@gmail.com
S1489,Darrell Hall,51912 Long Well Apt. 087,Riddleport,Paraguay,wsantiago@hotmail.com
S1490,Gregory Bishop,66737 Amy Port Apt. 941,North Susan,Canada,boydkelly@butler.net
S1491,Michael Walter,9404 Angela Well,Mckinneymouth,Palestinian Territory,douglasdurham@young.com
S1492,Patricia Brewer,160 Johnson Mountains,East Ryan,Slovenia,jenniferrichards@hotmail.com
S1493,Larry Bonilla,540 Weaver Fall,Jeremyhaven,Bulgaria,jerry52@barker.info
S1494,Christina Allen,404 Benjamin Mountain Suite 300,West Benjamin,Mozambique,fjohnson@ashley.com
S1495,Brandon Davis,2430 Flowers Summit Suite 382,New Maria,Saint Barthelemy,fgreen@gmail.com
S1496,Robin Suarez,83681 Erika Knoll,West Rachaelborough,Cambodia,sbeasley@cummings.org
S1497,Jessica Patterson,031 Jessica Ridge,South Cindystad,Austria,chelseacunningham@tucker.com
S1498,Jasmin Ford,445 Katrina Road Apt. 279,South Jessica,Bouvet Island (Bouvetoya),ccampbell@gmail.com
S1499,Brett Becker,4479 Brown Squares Apt. 009,Brennanbury,Hong Kong,michael58@anderson.com
S1500,William Hill,30430 Sarah Fall,Sanchezville,Belarus,david22@reid.com
S1501,Eric Bowers,653 Joshua Club,West Kylemouth,Mauritius,danielarias@dawson.info
S1502,Gary Edwards,822 Juarez Islands,Port Jasmine,Eritrea,paulpatterson@miller-johnson.com
S1503,Sean Ellis,836 Richard Ridge,Danielmouth,Norfolk Island,kfox@phelps-anderson.com
S1504,Nathaniel Henderson,9038 Reynolds Forge Suite 053,Leonardland,Guatemala,jonathanpalmer@yahoo.com
S1505,Michael Roberts,8275 Robert Rue,Lake Robert,Argentina,fieldscourtney@arnold-williams.info
S1506,Susan Rodriguez,850 Payne Mountain,South Keithport,Hungary,leekimberly@hotmail.com
S1507,Roberta Stark,62853 Boyd Crossroad Apt. 169,South Jeffrey,Guadeloupe,humphreyyolanda@gmail.com
S1508,Suzanne Gomez,85807 Lisa Ferry,North Lisa,New Zealand,karen02@hotmail.com
S1509,Laurie Rogers,9046 Watkins Prairie,Martinezborough,Iceland,oliviamann@hotmail.com
S1510,Christopher White,05588 Miller Ways Apt. 347,East Ricardoborough,Timor-Leste,huberdaniel@yahoo.com
S1511,Whitney Ferguson,566 Chaney Crest,Perkinsbury,Mali,cramos@yahoo.com
S1512,Christopher Horne,61716 Jessica Terrace,Charlesbury,Guinea,christensenjacob@yahoo.com
S1513,Lori Johnson,8358 Henry Highway Suite 821,Port Brianabury,Myanmar,james99@hotmail.com
S1514,Darren Benson,60138 Jeremy Expressway,North Jennifer,Uruguay,matthew82@gmail.com
S1515,Jesse Rodgers,848 Tran Mills Apt. 853,Lake Brookeville,Tajikistan,gclements@sanders.com
S1516,Gabriella Brown,040 Mary Turnpike,Lake Stephaniefurt,Timor-Leste,delacruzmichael@hotmail.com
S1517,Lacey Coffey,1339 White Loaf,South Lisaborough,Equatorial Guinea,fryalex@gmail.com
S1518,Donald Williams,1869 Jesse Grove,Danaborough,Lebanon,hilljustin@gmail.com
S1519,Brandon Curtis,6104 Tanya Villages Apt. 101,West Benjaminton,Uzbekistan,kramerrussell@ryan.org
S1520,Brandon Davies,49822 White Flat Apt. 549,Lake Richardborough,Paraguay,colemancarla@ramirez.com
S1521,Joel Stephenson,45954 Victoria Bypass,Derrickchester,Switzerland,melissa74@yahoo.com
S1522,Donna Pena,865 Neal Mountain Suite 464,South Matthew,Myanmar,andrew65@yahoo.com
S1523,Rachel Carter,92884 Sarah Prairie Suite 194,Karlhaven,Kiribati,mannkevin@yahoo.com
S1524,Stephanie Simpson,88052 Robert Via Apt. 084,Deleonhaven,Guyana,michelle92@richards-rollins.net
S1525,Nicholas Richard,6236 Peterson Inlet Apt. 418,West Ryan,Oman,kstevenson@gibson-perry.com
S1526,Jennifer Ruiz,089 Smith Forges,Tannerfurt,Ethiopia,phillipsbrian@davies-martin.com
S1527,Tracy Lopez,959 Williams Place Suite 069,Navarrofort,Congo,glowe@scott.com
S1528,Kevin Mathews,253 Davis Locks,Kennethfurt,Venezuela,vmartinez@hotmail.com
S1529,Ashley Campbell,826 Morrison Road Suite 476,Turnerport,Zimbabwe,jonathandominguez@hicks.biz
S1530,Colin Ayers,054 Myers Lock Apt. 456,Stevenshire,Eritrea,kathryn01@allen.com
S1531,Sean Buchanan,868 Castro Crossroad Apt. 239,West Richard,Tokelau,lmaynard@hotmail.com
S1532,Ronald Hanna,340 Herrera Neck Apt. 052,West Shawnborough,Benin,dixonstephanie@thompson.biz
S1533,Leah Wright,2812 Livingston Trace,New Brandybury,Zambia,james36@adams-bailey.com
S1534,Alexis Myers,50502 Anthony Groves Suite 308,Tammybury,Sierra Leone,paulvazquez@wright.com
S1535,William Hobbs,643 Daniel Causeway Suite 023,Thomaschester,Luxembourg,inorris@stewart.com
S1536,Paul Walker,6180 Yang Crossroad,Clayport,Haiti,rileychristine@yahoo.com
S1537,Faith Hendrix,0287 Erin Corner Apt. 011,South Kyleville,China,samantha68@yahoo.com
S1538,Zachary Grimes,69710 Joseph Mount,West Kevin,Isle of Man,waltersmith@yahoo.com
S1539,Jonathan Watson,3967 Stone Village,West Williamport,Liberia,samantha88@gmail.com
S1540,Michael Hall,41317 Laura Estate,Mannport,Liberia,yrodriguez@stevenson-king.org
S1541,John Morris,4613 Webb Branch Suite 725,East Jessica,Paraguay,patriciaknight@hotmail.com
S1542,Andrea Taylor,965 Smith Knoll Suite 784,Hartmouth,Poland,meyerkelly@yahoo.com
S1543,Aaron Galvan,060 Joseph Trace,South Carl,Swaziland,michael94@gmail.com
S1544,Matthew Hall,438 Frederick Oval,North Carolton,Argentina,rmoore@weaver.net
S1545,Bailey Rich,68537 Deleon Tunnel Apt. 822,South Josephchester,Japan,melissaconrad@miller-camacho.com
S1546,Jasmine Frazier,83261 Brandy Harbors,Michellemouth,Bangladesh,arnoldjoseph@orozco.org
S1547,Emily Trujillo,486 Shannon Fork,East Mark,Andorra,zachary18@terrell-newton.org
S1548,Richard Holloway,44221 Abigail Loaf,Gibsonland,Samoa,gilmoreharold@gmail.com
S1549,Lisa Velazquez DDS,4026 Freeman Pike Suite 294,Brendachester,Samoa,williamsmelissa@peterson-crawford.net
S1550,Eric Shepherd,652 Brittany Hollow Apt. 615,West Sandrashire,British Indian Ocean Territory (Chagos Archipelago),holiver@hotmail.com
S1551,Thomas Russo,11392 Sanders Street,South Scottmouth,Gabon,opennington@newton.net
S1552,Tim Smith,058 Joel Walks Apt. 956,Port Williamton,Angola,robert09@lopez.com
S1553,Richard Esparza,64347 Robertson Dale,Cherylborough,Kenya,fletcherbrooke@johnson.com
S1554,Nicholas Perkins,86376 Gloria Lodge,Carolview,South Georgia and the South Sandwich Islands,olsenalexander@hotmail.com
S1555,Jeffrey Rivers,714 Patty Union Suite 159,Lake Anthonyport,Sao Tome and Principe,jacksonjames@elliott.com
S1556,Michael Walsh,30393 Brown Ford,New Jamesberg,Liechtenstein,chambersmary@donovan-mcconnell.com
S1557,Meghan Gallegos,829 Victoria Estates Suite 098,Martinmouth,Vanuatu,andrea07@yahoo.com
S1558,Derrick Galvan,214 Lisa Knoll Apt. 575,New Kathleenshire,Netherlands Antilles,ahansen@lane.info
S1559,Joel Graves,97521 Mcclure Village,Benjaminview,Cyprus,hopkinsmatthew@hotmail.com
S1560,Jennifer Simpson,43667 Johnson Groves,Lake Zoehaven,Bulgaria,alicia75@gmail.com
S1561,Jennifer Gibson,11089 Benjamin Mountain Suite 444,Josephmouth,Iraq,gherring@yahoo.com
S1562,Amanda Webb,53544 Bartlett Valley Suite 301,Jeffreystad,Liberia,mary41@fuller-snyder.com
S1563,Julia Bennett,1094 Brewer Prairie,Danieltown,Bhutan,lisa17@hotmail.com
S1564,Mr. Michael Spence,7560 Martin Villages,East Ericland,Gambia,alice61@gmail.com
S1565,Brittany Cortez,8763 Sherry Meadow Apt. 442,Jimmyville,Switzerland,ashleykent@yahoo.com
S1566,Laura Johnson,6331 Oconnor Summit Suite 257,Jenkinsville,Cayman Islands,oanderson@yahoo.com
S1567,David Schmidt,81464 Mckay Crest Suite 919,Kelseyport,Saint Helena,conwaymary@hotmail.com
S1568,Jenna Medina,69640 Johnson Causeway Suite 346,Millerberg,Slovakia (Slovak Republic),hugheswilliam@gmail.com
S1569,Lauren Colon,433 Lawrence Spurs Apt. 442,Brianabury,Afghanistan,edwardacevedo@yahoo.com
S1570,Joshua Hart,23444 Hines Manor Suite 160,Braunfort,Tuvalu,freemanalexander@gmail.com
S1571,Amy Franklin,1851 Leroy Forest,Port Alantown,Myanmar,maddenjeffrey@scott-alvarado.org
S1572,Cheryl Morales,747 Roberts Branch,Lake Nathanland,Botswana,james49@hotmail.com
S1573,Kevin Evans,8738 Andrew Field,Jacksonbury,Georgia,john61@hughes.org
S1574,Evelyn Young,3586 Amy Vista,Kellyview,Taiwan,ldean@phillips.com
S1575,Keith Hawkins,1339 Hood Viaduct Apt. 083,Wheelerside,Turks and Caicos Islands,gwilliams@gmail.com
S1576,Richard Shields,5228 Martinez Expressway Apt. 619,Torresmouth,Central African Republic,diane02@olsen.org
S1577,James Allen,8987 Katherine Vista,North Richard,Bhutan,coleadriana@gmail.com
S1578,Allison Weaver,74106 Roberta Fork Apt. 812,Garrettview,United Kingdom,amanda35@garcia.net
S1579,Jeffrey Campos,0899 Wiley Plain,Mayhaven,Guam,ohaynes@gmail.com
S1580,Melissa Wiggins,0293 Dudley Heights,Jasonville,Svalbard & Jan Mayen Islands,jacksonlisa@davis.com
S1581,Eugene Graves,77247 Padilla Extensions,Robertshire,Bahrain,michaelstewart@tanner.com
S1582,Tony Turner,92136 Clark Inlet,North Christophermouth,Northern Mariana Islands,thomasharris@yahoo.com
S1583,Nathan Solomon,5306 Theresa Drive,Chadville,Canada,schneiderlaura@gmail.com
S1584,Melissa Thomas,3113 Clark Crossroad Apt. 092,Bartlettborough,Andorra,valerierodriguez@gmail.com
S1585,Jessica Shaffer,52143 Estrada Court,Ellisland,Tonga,marcus64@page-harrell.org
S1586,Mr. Jeremy Vazquez,495 Thomas Estates Suite 402,Lake Jasonchester,Somalia,alison49@hotmail.com
S1587,Jody Thompson,9386 Johnson Cape Apt. 166,West Kyleview,Paraguay,omar00@long.net
S1588,Christopher Simpson,2347 Linda Bridge Apt. 027,Samanthafurt,Luxembourg,kevinrussell@smith-miller.com
S1589,William Marquez,83000 Cook Springs Apt. 826,Christopherfurt,United States Minor Outlying Islands,roytheresa@carter.com
S1590,Taylor Pacheco,50302 Torres Track Apt. 614,North Justin,Rwanda,timothy69@wagner-evans.com
S1591,Amanda Garcia,134 Maxwell Prairie Suite 603,Emilytown,Thailand,ronald10@hotmail.com
S1592,Tiffany Jones,36583 Lee Divide,Millerstad,United States Minor Outlying Islands,wrightjennifer@york.com
S1593,Kimberly Jones,806 Crystal Islands Suite 777,Nelsonland,Chad,rclark@cannon.com
S1594,Derek Peterson,019 Jeffrey Crescent,Leachbury,Micronesia,nicholasfritz@yahoo.com
S1595,Alfred Jones,043 Jennifer Centers,Josephberg,Nicaragua,crystalraymond@yahoo.com
S1596,Louis Hickman,6627 Perkins Isle Suite 396,West Cheryl,Iran,hernandezmegan@hotmail.com
S1597,Caitlin Young,258 Karen Fields Apt. 873,Watersside,Saint Pierre and Miquelon,ramirezkatrina@greene-lopez.com
S1598,Cathy Dougherty,6167 Peterson Corner,Kathrynfort,Dominican Republic,bobbygraham@gmail.com
S1599,Charles Buchanan,88481 Gonzalez Plains Suite 713,North Michaelburgh,Bolivia,dhernandez@hotmail.com
S1600,Daniel Mcfarland,750 Edward Shores Apt. 860,Williamsport,Philippines,hillmelissa@yahoo.com
S1601,Julia Dickson,6114 Green Causeway,Mitchellbury,Yemen,bryantlisa@miller.org
S1602,Courtney Obrien,66761 Lauren Cliffs,Davidfurt,Nepal,reynoldskatherine@davenport-mason.com
S1603,Maurice Reese,74932 Harris Station Suite 121,New Alejandromouth,Japan,nmckee@yahoo.com
S1604,Paula Smith,2260 Jones Valleys,Hernandezburgh,Tunisia,zlucas@hotmail.com
S1605,Paul Thomas,821 Miller Pine,Port Aaronberg,Somalia,kennethpowers@yahoo.com
S1606,Ms. Lisa West DDS,634 Ryan Overpass,New Christopher,Tajikistan,judygonzalez@moreno.com
S1607,Michael Cruz,1101 Young Harbors Suite 113,Stevenfurt,Tokelau,vsanchez@yahoo.com
S1608,Amy Arroyo,968 Conrad Course,Allisonburgh,Netherlands,ymerritt@moon.com
S1609,Steve Boone,0212 Grace Terrace Suite 139,New Tiffanyville,Samoa,ljohnson@yahoo.com
S1610,Fernando Best,67293 Nathan Bridge Suite 590,East Tracy,Brazil,claytonjustin@yahoo.com
S1611,Rodney Moore,166 Jennifer Curve,Lake Michaelfort,South Georgia and the South Sandwich Islands,joytanner@walker.com
S1612,Bradley Reilly,998 Debra Manors,Paulchester,Serbia,jenniferbutler@yahoo.com
S1613,Patrick Clark,719 Curtis Via,Gabrielmouth,Malawi,jakezhang@hotmail.com
S1614,Karen White,2008 Washington Stravenue Suite 943,West Lisa,Guatemala,megancarpenter@hotmail.com
S1615,Tara Brown,0477 Grant Forge,East Stephenborough,Belgium,craigkimberly@smith-luna.info
S1616,Stephanie Nash,25242 Morgan Motorway Apt. 384,Port Eric,Sierra Leone,murrayjeffrey@hotmail.com
S1617,Michael Yang,740 Morse Mission Suite 019,Danielbury,Nigeria,zthornton@yahoo.com
S1618,Todd Holt,7184 Amy Causeway Suite 269,Cassandrachester,United States Virgin Islands,john37@gmail.com
S1619,Christopher Dunlap,322 Shelton Mountain Suite 555,East Gabriela,Trinidad and Tobago,xrivera@gmail.com
S1620,Carol Buchanan,7293 Renee Station,East Ginastad,Congo,jenningswendy@johnson.com
S1621,Richard Roberts,29179 Raymond Squares,North Donald,Guinea-Bissau,murphydonald@yahoo.com
S1622,Donna May,288 Mays Lake Suite 204,Liside,Comoros,bwebb@gmail.com
S1623,Joseph Dixon,663 Dixon Track Apt. 797,Lake Megan,Netherlands Antilles,angela08@hotmail.com
S1624,Mary Perry,1458 Sean Branch,Mcdowellshire,Zambia,wardwilliam@gmail.com
S1625,Brian Miller,60292 Lee Walk Suite 119,Bobfort,Tonga,darrell07@simmons-crawford.net
S1626,Jonathon Howell,3143 Barker View,East Peter,Cocos (Keeling) Islands,amandarodriguez@matthews-cook.org
S1627,Kurt Davis,806 Grant Court,North Ashlee,Hungary,heathsean@hunter.info
S1628,Terry Buckley,64292 Harrison Court,Lake William,Barbados,christinegarcia@lopez.org
S1629,Brenda Levy,98262 Carson Circles,Lake Christine,Japan,wilsonvictoria@hayes.com
S1630,Walter Robbins,3975 Wright Unions Apt. 083,Marshalltown,Netherlands,andrea93@brown-torres.com
S1631,Joshua Krause,24071 Taylor Isle Apt. 352,Lyonsstad,Bosnia and Herzegovina,teresa13@martinez.org
S1632,Monique Marshall,205 Hoover Plaza Apt. 766,Jessicamouth,Czech Republic,howardjames@james.com
S1633,Andrew Price,63245 Reginald Keys,Hortonmouth,Paraguay,ocollins@mullins.net
S1634,Joshua Tyler,395 Jeremy Locks Suite 207,Greenshire,Cuba,david70@thompson-baker.com
S1635,David Cooley,991 Jose Cove Suite 423,Bellport,Singapore,richard26@hotmail.com
S1636,Larry Becker,7020 Daniel Oval Suite 347,Millermouth,Tunisia,carla46@petty-ramirez.com
S1637,Jennifer Lewis,4103 Davis Curve,Port Margaretstad,Isle of Man,millercharles@gmail.com
S1638,Clinton Armstrong,033 Lynn Terrace,New Codyside,Greece,james92@gmail.com
S1639,Joseph Hayes,08717 Michael Plaza,Lake Ethan,Cocos (Keeling) Islands,salazarmelanie@yahoo.com
S1640,Aaron Nelson,215 Erica Spring Suite 879,South Patricia,Trinidad and Tobago,mendozahannah@luna.com
S1641,Garrett Payne Jr.,34509 Heath Unions,Joshuamouth,Cote d'Ivoire,tanya52@snyder-jackson.net
S1642,Justin Jackson,55125 Sarah Islands,West Heather,Iraq,cassandra52@gmail.com
S1643,Samuel Gonzalez,56040 Colon Loaf,South Samuelfurt,Guyana,jessica50@hotmail.com
S1644,Justin Dominguez,9589 Timothy Highway Suite 062,Thompsonberg,Gabon,trevor12@gay.com
S1645,Rebecca Martinez,04842 Leah Passage,Port Anthonyberg,Philippines,whiteapril@wang.com
S1646,Diane Ramirez,34946 Sarah Vista Suite 596,Johnberg,France,millerkaren@stewart-bates.com
S1647,Nicolas Fisher,68270 Walker Expressway Apt. 116,Youngchester,Uganda,davidwatson@clark-mitchell.com
S1648,Sydney Wilson MD,066 Raymond Lane Apt. 568,North Michael,Sri Lanka,utorres@mullen.net
S1649,Mark Beck,216 Rowland Station Apt. 326,East Frank,Solomon Islands,joshua76@gmail.com
S1650,Heather Perez,20174 Teresa Isle,Mooreborough,Guatemala,davidsonmelanie@gmail.com
S1651,Ashley Clark,436 David Squares,Richardsonville,Rwanda,hollywilliams@anderson.com
S1652,Elizabeth Patrick,2551 Kelly Haven Suite 122,Stanleyhaven,Antarctica (the territory South of 60 deg S),wjenkins@yahoo.com
S1653,Michael Flores,86072 Rebecca Walk,New Jamesstad,Haiti,brittanyharris@mcguire.com
S1654,Julie Johnson,20915 Cook Orchard Suite 610,Jacobhaven,Aruba,monica18@sims.com
S1655,Ashley Nelson,80452 Jones Shore Apt. 752,New Kaitlin,Jersey,ofernandez@rivera.com
S1656,Nathan West,427 David Ramp,East Justin,Kenya,khernandez@gmail.com
S1657,Gerald Parks,589 Victoria Corner Apt. 544,Russofort,Netherlands,nlewis@williams.com
S1658,Tracy Flynn,5112 Keith Mill,West Katrina,Jordan,wwright@jones.biz
S1659,Ian Cook,58464 Matthew Hill,South Rachael,Saudi Arabia,jodijoseph@yahoo.com
S1660,Robin Lee,989 Jacobs Flat,Blackmouth,Bermuda,kelli28@yahoo.com
S1661,John Mills,38695 Perkins Crescent Apt. 863,New Jasonland,British Indian Ocean Territory (Chagos Archipelago),carlos67@hotmail.com
S1662,Lisa Gallegos,8952 Ortiz Forges,West Lisafurt,Namibia,idavid@hotmail.com
S1663,Shannon Davis,901 Moore Route,Andersonside,Lesotho,patelrose@hotmail.com
S1664,Brooke Griffin,413 Diaz Oval Apt. 969,Bryantborough,Jamaica,michele19@fischer.com
S1665,Natalie Graves,933 Brandon Spring,Jacobbury,Russian Federation,guerravanessa@whitehead.org
S1666,Christopher Carpenter,217 Charles Hollow Suite 671,North Amandachester,Botswana,denisesmith@gmail.com
S1667,Heather Ortiz,50860 Amy Valley Suite 987,South Bryanmouth,Mauritius,timothyedwards@carter-garcia.biz
S1668,James Bryan,4829 Garcia Key Suite 021,Reynoldsshire,Guernsey,mitchellmary@brown.com
S1669,Andrea Mcclain,2605 Matthew Court Apt. 474,Knightberg,Albania,ericking@gmail.com
S1670,Mary Bass,1205 Terry Shore Apt. 552,Prestontown,Iran,timothymyers@bell-collins.com
S1671,Alejandro Turner,4515 Lawson Creek Suite 262,Porterside,Austria,jacquelinegarcia@young.com
S1672,Elizabeth Cohen,48846 Dustin Lock,East Charles,Yemen,melissa05@gmail.com
S1673,David Bates,544 Donna Meadows Apt. 463,North Michael,Guyana,jeffrey96@hines-hudson.com
S1674,Shelly Logan,14677 Autumn Square Apt. 132,New Ruben,Tuvalu,crobinson@gmail.com
S1675,William Barton,150 Manning Course,North Angela,Israel,marktanner@yahoo.com
S1676,Alexander Jenkins,146 Kristina Village,Brownville,Turkey,mendezbrandon@yahoo.com
S1677,John Ware,3803 Hall Mountains,New Amy,Ukraine,cory75@barnes-chen.com
S1678,Michael Dominguez,866 Hicks Crossroad Apt. 948,Bakerberg,Cameroon,kingjesse@cox-graham.com
S1679,Donna Taylor,22113 Christie Stravenue Apt. 262,Morganstad,Malawi,randy36@rollins-thompson.com
S1680,Danielle Gonzalez,1995 Harris Passage Apt. 968,Lake Catherineside,Cameroon,courtneyalvarado@hicks.com
S1681,Ryan Davidson,765 Caldwell Wells,New Joseport,Ethiopia,jessica11@hotmail.com
S1682,Matthew Saunders,2416 Sylvia Harbors,Port Samantha,Seychelles,stephaniemcclain@yahoo.com
S1683,Sandra Smith,392 James Station Apt. 839,New Patrick,Netherlands Antilles,parkerjames@hotmail.com
S1684,Stacey Thompson,5481 Tanner Hill Apt. 488,Lake Chloeshire,Macao,rodriguezmary@yahoo.com
S1685,Martin Murphy,3142 Bates Creek Suite 805,Christinechester,United States of America,manuel53@reed-roberts.net
S1686,Nathaniel George,26235 Carol Track,Douglasfort,Pitcairn Islands,denisegill@yahoo.com
S1687,Jennifer Nelson,065 George Meadow,Lake Sally,Guinea-Bissau,laurenvasquez@yahoo.com
S1688,Donald Clark,721 Shannon Plaza,Kyleburgh,Rwanda,cmayer@yahoo.com
S1689,Steven Adams,6611 Burke Knolls,North Jacqueline,Greenland,christopher00@pineda-hernandez.biz
S1690,Tiffany Welch,2801 Andersen Harbor,Port Kellie,Samoa,christinagarcia@joyce-johnson.com
S1691,Kenneth Jackson,11949 Joel Gardens,Johnsonport,Falkland Islands (Malvinas),meganpearson@yahoo.com
S1692,Jeffrey Sexton,26272 Beasley Prairie,Donnaton,Myanmar,kennethkim@smith-ward.com
S1693,Jason Hall,24843 Perez Ford Suite 984,Catherineville,Sri Lanka,colongeorge@yahoo.com
S1694,Craig Holmes,1823 Schroeder Isle Apt. 082,East Jason,Nepal,johnsonjoshua@phillips-cole.org
S1695,Joan Cook,24143 Roger Stravenue Apt. 731,Marieville,India,stephen19@fernandez.net
S1696,Amber Luna,869 Bryan Meadows,Karenside,Congo,qpierce@lopez.org
S1697,Tara Gomez,16790 Phillips Crest Apt. 501,North Davidchester,Chile,sharonschmitt@gmail.com
S1698,Kelly Sutton,124 Megan Stravenue Apt. 192,Tanyachester,Morocco,sarah71@hotmail.com
S1699,Jennifer Gonzalez,557 Clark Ramp Suite 902,North Kevinport,Faroe Islands,ricemargaret@yahoo.com
S1700,Mrs. Stacey Harris,13604 Matthew Fork,Port Glennburgh,France,mdrake@gmail.com
S1701,Jennifer Ramirez,504 Richard Flats Suite 094,West Trevor,Ireland,amanda86@butler.com
S1702,Austin Carter PhD,6228 Deborah Heights Suite 738,South Sylviaberg,Burundi,richard33@hayes.info
S1703,Cameron Holden,9260 Ross Prairie,Taylorburgh,United States Virgin Islands,nathaniel16@yahoo.com
S1704,Keith Kemp,6330 Wilson Wall,Lake Shanestad,Rwanda,brittanysmith@moore.info
S1705,Catherine Hurley,82793 Andrews Well Suite 948,Ryanborough,Liechtenstein,benjaminpittman@hotmail.com
S1706,Mr. Kenneth Thompson,12567 Michael Port,Vegabury,United Arab Emirates,wilsonmaureen@cole.com
S1707,Matthew Rodriguez,5495 Fernandez Flats Suite 237,Wangborough,Argentina,melindahaynes@hotmail.com
S1708,Valerie Garcia,46490 Sydney Land Apt. 342,North Marcusville,Haiti,andersenalexander@hotmail.com
S1709,Lisa Stevens,2595 Goodwin Burgs Apt. 367,Port Angela,Qatar,xlewis@yahoo.com
S1710,John Maynard,32495 Huynh Lane,Port Tracy,Lao People's Democratic Republic,michael54@hotmail.com
S1711,Tiffany Bowen,0307 Sara Parks,Scottmouth,Jordan,martineztammie@gmail.com
S1712,Tara Fischer,36626 Teresa Via Suite 340,Stephenfort,Guyana,lopezbrett@hotmail.com
S1713,Steven Lozano,29630 Arias Ville,Deniseville,Kazakhstan,jennifer15@sawyer.biz
S1714,Ricky Mitchell,997 Cruz Underpass Suite 437,Greenville,Honduras,dsantos@gmail.com
S1715,Pamela Marks,1143 Whitney Brooks Apt. 183,Sanchezshire,Pakistan,yanderson@gmail.com
S1716,James Kelly,78239 Page Meadow Apt. 532,Deanside,Russian Federation,andrewwatson@velasquez.net
S1717,Matthew Wright,765 Ryan Plain Apt. 867,Johnville,United States Minor Outlying Islands,jon75@yahoo.com
S1718,Michelle Richardson,9450 James Vista Suite 276,Cantrellview,Senegal,larrybaxter@hotmail.com
S1719,Carol Singleton,27587 Stephanie Landing Suite 034,Howellton,Hungary,katie76@yahoo.com
S1720,Bob Wilson,130 David Spur Apt. 199,Yutown,Kenya,vanessathomas@hotmail.com
S1721,Barry Meyer,842 Nicole Trail,South Markport,Congo,georgemichael@clark.biz
S1722,Kristi Sims,126 Mosley Mills,Katherineburgh,United Arab Emirates,amanda06@snyder.com
S1723,William Taylor,652 Ryan Vista Apt. 354,South Alexismouth,Cameroon,matthew34@yahoo.com
S1724,Cassidy Park,52220 Robinson Lock,New Stephanieshire,Croatia,christopherlambert@gmail.com
S1725,Lori Brown MD,89134 Lisa Gateway,Kaneport,Lebanon,katelyn13@jacobs.com
S1726,Donna Williams,52644 Rivas Junction,Lake Georgeside,Bouvet Island (Bouvetoya),freyes@chen-ibarra.com
S1727,Donna Sellers,84825 Henry Grove Apt. 876,Vaughnton,Samoa,gsilva@miller.info
S1728,William Thomas,3908 Kari Common,Port Alejandro,Bangladesh,hmaldonado@ellis-martin.info
S1729,Chelsea Gibbs,4377 Sexton Meadow Apt. 832,Steventown,Monaco,samuel28@gmail.com
S1730,Courtney Morgan,2522 Taylor Manor Apt. 246,Kaitlynview,New Zealand,scross@hotmail.com
S1731,Sheri Perez,46512 Amanda Path Suite 618,New Ricky,Angola,usweeney@cherry-barrett.com
S1732,Christine Burke,338 William Loop,Port William,El Salvador,joseph73@hotmail.com
S1733,Heidi Lowe,73973 Griffin Lock Apt. 457,South Jimmy,Mexico,priscilla56@young.org
S1734,Wendy Holmes,2504 Rachel Knolls,Kristenshire,Cape Verde,jgarcia@valdez.com
S1735,Sarah Johnson,551 Justin Ports,New Jessica,Mexico,bellmelissa@gmail.com
S1736,Brandon Harris,2973 Hurley Mount Apt. 245,Bennettburgh,Zambia,isaiahrice@yahoo.com
S1737,Jacob Jordan,7390 Moore Prairie Suite 592,Danielleville,Vietnam,kristina00@hotmail.com
S1738,Lauren Harris,1673 Powell Via,Hallport,Taiwan,ashaw@howard.org
S1739,Michael Douglas,9498 Newton Crescent,North Amyview,Sweden,amy05@farley.net
S1740,Alexander Garner,3666 Hale Throughway Apt. 296,Harrisborough,Singapore,contrerasroy@ross-meyer.org
S1741,Mark Combs,10767 Brad Island,North Josephchester,Algeria,amanda94@reyes.net
S1742,Michael Bailey,764 Kayla Plaza Apt. 359,Berrytown,Trinidad and Tobago,ruth93@gmail.com
S1743,Alyssa Hansen,28852 Frank Freeway Apt. 505,West Sheilaberg,Martinique,andrefuller@hotmail.com
S1744,George Cooper,66150 Carla Springs Suite 719,Jenniferton,Burundi,joanmorales@gmail.com
S1745,Jasmin Thomas,854 Sandoval Mountain Suite 025,Thompsontown,Saint Martin,browndebra@hotmail.com
S1746,Andrew Dickerson,0673 Jennifer Via Apt. 435,Dannyton,Andorra,johnsonbrian@hotmail.com
S1747,Anthony Carlson,738 Dougherty Ramp Suite 487,Shawfurt,Eritrea,lchavez@carlson.org
S1748,Dean Zhang,0063 Brian Overpass,Sanchezton,Congo,heatherroberts@carter.biz
S1749,Katherine Diaz,05829 Benjamin Course Suite 732,Port Kimberlytown,New Caledonia,patrick09@yahoo.com
S1750,Andrew Butler,04640 Tyler River Apt. 010,Davidstad,Ethiopia,charlesharrington@hotmail.com
S1751,Donna Ochoa,58801 Bruce Harbors,Jeanetteport,Guyana,leesheila@hotmail.com
S1752,Brianna Wilson,771 Miguel Bridge Suite 867,Kristaview,Turks and Caicos Islands,boylechristina@yahoo.com
S1753,Gerald Avery,62080 Heather Crest Apt. 484,Phillipsview,Mayotte,tinatucker@may.net
S1754,Janet Russell,30171 Christopher Mountain Suite 182,Travisberg,Bermuda,gary80@miller.com
S1755,Brittney Chavez MD,3527 James Corner Suite 009,Caroltown,Northern Mariana Islands,hscott@hotmail.com
S1756,Ryan Buchanan,594 Ashley Center,East Jean,Korea,brian05@white.com
S1757,Ricardo Russell,359 Hannah Points,Hendersonview,Togo,valeriebryant@yahoo.com
S1758,Stephanie Bailey,6291 James Lights Apt. 181,Jonport,Korea,ufuller@sanchez-avery.biz
S1759,Danielle Cole,754 Bailey Crest Apt. 006,Christophermouth,Cameroon,mcdanieltara@garcia.com
S1760,Steve Marquez,651 Carpenter Crest Suite 394,Perkinsport,Turkmenistan,casethomas@yahoo.com
S1761,Linda Carlson,1218 Bob Expressway,South Annette,Nepal,brucefranco@burch.info
S1762,Steven Burton,138 Lowe Crossing Suite 863,East Juliastad,Costa Rica,katherine90@gmail.com
S1763,Shane Randolph,01459 Mercado Shoal,East Timothy,France,floydmary@yahoo.com
S1764,Michael Campos,09006 John Brooks Apt. 139,Dixonbury,Northern Mariana Islands,qbrown@gmail.com
S1765,Chelsea Harris,744 Samantha Mission Apt. 125,Patriciamouth,Mongolia,larry93@pittman.org
S1766,Laurie Lawrence,1667 Turner Lake,Longchester,Malaysia,marynelson@hotmail.com
S1767,Holly Curtis,670 Danielle Falls Apt. 261,East Leslie,Czech Republic,harrisonmary@gmail.com
S1768,George Carpenter,13827 Petty Drives Suite 746,Ruizview,Canada,andrea31@hotmail.com
S1769,Kelsey Warren,142 Cain Circles,West Anthony,Guinea,taylor07@hotmail.com
S1770,Kevin Daniel,9467 Ford Extension,West Thomas,Guam,eparks@henderson.com
S1771,Anna Wallace,686 Harold Port,New Timothy,France,emeyer@gmail.com
S1772,James Johnson,87625 Sarah Pines,Laurafurt,Malta,christinenichols@montoya.com
S1773,Jennifer Smith,776 Elizabeth Stream,New Rachelberg,Lesotho,terrelldawn@frey.com
S1774,Charles Conway,5209 Joshua Courts,Lisafort,Uganda,banksmary@yahoo.com
S1775,Ashley Bennett,55114 April View,Jeffreymouth,Mauritius,jeremyking@reyes.org
S1776,Susan Stevenson,21524 Misty Crest,East Heathershire,Honduras,imoore@hotmail.com
S1777,John Black,079 Thomas Mountain Suite 511,Ramosmouth,Liberia,ddunn@hotmail.com
S1778,Jacob Le,415 Davis Mountains Apt. 360,Stewartchester,Solomon Islands,leewilliam@nelson-sparks.net
S1779,Emily Thomas,0278 Adams Passage Suite 796,East Christinafurt,French Polynesia,ambernewman@nguyen-carpenter.com
S1780,John Orr,0514 Kelly Trafficway Apt. 230,East Tracey,Austria,morrisongregory@hotmail.com
S1781,Justin Miller,774 Huffman Loaf Suite 317,Port David,Paraguay,pmorgan@yahoo.com
S1782,Michael Jones,34813 Davis Center,Heatherburgh,Ukraine,bryantpaula@clark-sanchez.info
S1783,Barbara Chapman,98870 Young Drive Apt. 167,Hancockmouth,Greece,frank87@hotmail.com
S1784,Shannon Mcguire,6451 Patrick Forges Apt. 428,North David,Iran,michelle84@yahoo.com
S1785,Leah Atkinson,9975 Sims Greens Apt. 543,East James,Armenia,angel15@hartman-moody.com
S1786,Amanda Payne,351 Peter Fields,Tonimouth,New Caledonia,moralesjeffrey@brown-french.com
S1787,Michael Poole,27121 Pierce Spurs Suite 618,Leeborough,Georgia,gibsonantonio@tucker.net
S1788,Renee Fischer,186 Lee Spurs,Port Emilyview,Haiti,joseph81@gmail.com
S1789,Stephen Stephens,5503 Logan Row,Carrilloburgh,Venezuela,zwong@gmail.com
S1790,Stephanie Berry,30101 Ochoa Gateway,West Anthony,Gibraltar,patrickrodriguez@clark.com
S1791,Ryan Wright,96057 James Spur,Laurafort,Kenya,rweber@hotmail.com
S1792,James Campos,647 Rodgers Estates,New Allison,Turkmenistan,russell31@everett-knight.com
S1793,Amanda Gross,0567 Christine Common Apt. 343,Port Larry,Macedonia,amclaughlin@smith.biz
S1794,Jasmine Kerr,066 Pitts Rest Apt. 770,South Colleen,Argentina,kerryramos@yahoo.com
S1795,Robert Harmon,3398 Mathis Plains Apt. 742,Bonillaport,Cyprus,dawsonpatrick@gross-garcia.com
S1796,Jessica Garcia,38563 Victor Highway Apt. 341,Jamesstad,Cameroon,ubarrera@hotmail.com
S1797,Jennifer Williams,9785 Bentley Lodge Apt. 089,Hammondville,Madagascar,gainesbruce@hotmail.com
S1798,Jessica Freeman,920 Schultz Mission,Port Meghanside,Spain,elizabeth97@jones.info
S1799,Jonathan Morgan,480 Judy Points Suite 175,North Jesseberg,Bosnia and Herzegovina,gowens@anderson-riley.biz
S1800,Joy Armstrong,703 Michael Trail Apt. 816,Feliciaville,Cook Islands,christopherlester@hotmail.com
S1801,Mrs. Lauren Griffith,15185 Richard Gateway,South Jennifer,Mozambique,murphyrichard@romero.com
S1802,Dawn Wagner,962 Smith Walk Apt. 041,North Helenberg,Belgium,robertduncan@yahoo.com
S1803,Andrew Friedman,22097 Marie Junctions,Kevinshire,New Zealand,rodriguezian@hotmail.com
S1804,Cynthia Ballard,567 James Loop Suite 417,Williamburgh,Colombia,christina35@hotmail.com
S1805,Michelle Baldwin,3676 Kimberly Pines Suite 018,Williamsborough,Indonesia,taylorthomas@miller.com
S1806,Robert Rubio,02612 Burke Wells Suite 017,New Matthewview,Maldives,misty62@vasquez.com
S1807,Amanda Rodriguez,23936 Scott Forest,East Kevinbury,Holy See (Vatican City State),welchjordan@yahoo.com
S1808,Amber Morris,500 Candice Via,Michaelmouth,Zimbabwe,jessica47@brown.net
S1809,Adam Nicholson,150 Harrell Canyon Apt. 221,East Steventon,Pitcairn Islands,alexandermartinez@yahoo.com
S1810,Parker Lowery,2892 Arnold Hollow Suite 960,Seanstad,Gambia,fjackson@gmail.com
S1811,Christopher Brown,52114 Jeremiah Roads,Lake Jessicaborough,Samoa,morenojulie@gmail.com
S1812,Christina Oliver,5026 Derek Keys Apt. 285,Lake Jerryview,Anguilla,ywells@hotmail.com
S1813,Shawn Donaldson,9416 Tran Light Apt. 319,North Johnny,Austria,simpsonphillip@solis-sanders.com
S1814,Douglas Clark,691 Oliver Creek Suite 402,Caseyfurt,Lebanon,marshallalicia@mclean.net
S1815,Mark Moore,56637 Andrew Isle,South Natalie,Bangladesh,michael19@myers.net
S1816,Christopher Patterson,832 Tiffany Ferry Suite 335,New David,Togo,paulwoodard@gmail.com
S1817,Phillip Johnson,728 Turner Highway Suite 457,Angelaville,Sierra Leone,kevin29@hotmail.com
S1818,Diana Owen,44294 Nicole Trafficway,New Danielleville,Niger,ppaul@yahoo.com
S1819,Christopher Mckay,8323 Catherine Extensions Suite 272,Lake Annemouth,Japan,munozjill@yahoo.com
S1820,Tammy Walker,88738 Olson Islands,West Jason,Samoa,peggy85@vaughan.org
S1821,Lori Thornton,7214 Hoover Camp,North Maria,Mozambique,vhernandez@glover-mclaughlin.com
S1822,Daniel Blackwell,4670 Tammy Drive,Webbville,Ghana,sarahburns@williams.com
S1823,Adrian Simmons,544 Jeffrey Haven,Port Alexisfurt,Macao,flowerstiffany@jones.info
S1824,Christopher Graves,04402 Vincent Club Suite 677,Robertstad,Cambodia,anajackson@yahoo.com
S1825,Patricia Valentine,01591 Norman Expressway,New Sharonbury,Haiti,david49@hotmail.com
S1826,Ernest George,285 Andrew Isle Suite 115,Port Sandy,Slovakia (Slovak Republic),kimberlybullock@hotmail.com
S1827,Michael Morales,15560 Jeffrey Junction Suite 566,Hardyhaven,Swaziland,lisahaas@hotmail.com
S1828,Casey Cook,83925 Stone Burg,New Williamton,Belgium,fheath@gmail.com
S1829,Cheryl Edwards,699 Nolan Inlet Suite 720,Hernandezberg,Singapore,perezkathleen@hotmail.com
S1830,Sandra Williams,242 Stewart Cove,Frederickton,Nicaragua,jessica75@gmail.com
S1831,Jonathan Morales,2107 Michael Tunnel Suite 767,Hughesland,Qatar,robert82@howard-roman.com
S1832,Melissa Cross,42957 Alexander Fort Apt. 623,West Jamie,Greenland,coxrobert@weber.com
S1833,Pamela Dominguez,261 Andrew Spur,Port Gina,Serbia,courtney07@hotmail.com
S1834,Karen Williams,2194 Allen Greens Suite 298,Robinsonside,Western Sahara,amber05@yahoo.com
S1835,Nathaniel Simpson,2376 Downs Ports Apt. 934,Jenniferstad,Ecuador,malonebrandy@ramsey.com
S1836,Derek Spencer,77893 Peter Stravenue,Phillipsberg,Greenland,jameslawson@gmail.com
S1837,Ryan Owen,334 Snyder Place,Jillberg,Togo,byrddiana@hotmail.com
S1838,Stephen Harris,17377 Carson Rue,Kirstenshire,Cape Verde,egarcia@saunders.net
S1839,Patricia Villa,98046 Ferguson Throughway,New Robertmouth,British Virgin Islands,rclark@gmail.com
S1840,Mr. Gary Casey,3845 Case Bypass,North Ginaburgh,Korea,matthew25@lewis-hernandez.org
S1841,Mark Franklin,9945 Huynh Keys Apt. 853,Katiestad,Saudi Arabia,jeremy11@yahoo.com
S1842,Vickie Dunn,0467 Stephanie Lake Suite 923,Melendezborough,Russian Federation,darlene35@hotmail.com
S1843,Teresa Collins,25662 Vang Islands,East Allison,Bulgaria,yolanda63@singleton-gregory.com
S1844,Rebecca Williams,1504 Michelle Shores Suite 663,North Denise,Mozambique,iortiz@salinas-hayes.com
S1845,Emily Hancock,4458 Meghan Extensions Suite 764,Michealview,French Polynesia,sharptheresa@bailey.com
S1846,Sean Stout,831 Hill Burgs Suite 859,East Michaelchester,Philippines,jaustin@gmail.com
S1847,Diane Griffin,105 Jason Highway Suite 796,Port Saraburgh,Nicaragua,irhodes@yahoo.com
S1848,Michael Davis,850 Moreno Hills Apt. 466,Grantstad,Malawi,robert06@hotmail.com
S1849,Ryan Grant,1487 Lauren Inlet,Elizabethbury,Niue,uharper@james.biz
S1850,John Johnson,7589 Kimberly Junction,New Anthonyburgh,Sri Lanka,kyleburch@gmail.com
S1851,Ronald Castillo,460 Huber Village Suite 845,Obrienfurt,Tuvalu,victoriagarrett@sanchez.com
S1852,Olivia Alexander,18223 Henry Landing Apt. 105,West Suestad,Wallis and Futuna,tina86@lowe.com
S1853,Nicholas Orr,3794 Frank Loop Apt. 645,East Nicoleshire,Reunion,ybrown@gmail.com
S1854,Michele Barajas,09264 David Drive Suite 426,Hernandezfort,Moldova,cstanley@yahoo.com
S1855,Kyle Kelly DDS,30732 Alvarez Island Apt. 561,Pamelahaven,Tuvalu,elizabeth23@perry.com
S1856,Christopher Cervantes,2314 Amanda Island,Smithville,Canada,nhayes@fuller.biz
S1857,Savannah Cooper,8565 Davis Islands Apt. 921,Mccormickfurt,Tajikistan,gcarrillo@goodman.org
S1858,Erica Alvarado,809 Kelly Spur,Christopherchester,French Guiana,erodgers@smith-richmond.com
S1859,Aaron Miller,5916 Amber Union,Summershaven,Bouvet Island (Bouvetoya),samuel98@hotmail.com
S1860,Alyssa Larson,5737 Kelsey Locks Suite 573,East Derrickberg,Slovenia,brianna49@gmail.com
S1861,Mary Clark,36950 Ashley Trace Apt. 624,Cindytown,Cook Islands,michael04@smith.com
S1862,Shelly Wilcox,1903 Patrick Center Apt. 362,Copelandfurt,United Arab Emirates,martinezbobby@yahoo.com
S1863,Taylor Price,97854 Austin Neck,Danielstad,Canada,robert93@gmail.com
S1864,Alicia Strickland,82547 Justin Mountain,West Jamesmouth,Oman,gpowell@morgan-jones.org
S1865,Anthony Hall,05612 Young Mews,Lake Randyshire,Suriname,johnsongregory@hotmail.com
S1866,Karen Garcia,821 Watts Mall,South Gloria,Cocos (Keeling) Islands,scottcurtis@good-mason.net
S1867,Denise Wallace,4876 April Forest,Smallborough,Faroe Islands,matthewslori@gmail.com
S1868,Linda Richardson,59409 Stephenson Meadow,New Jacob,Chad,vjohnson@yahoo.com
S1869,Jasmine Jones,6652 Munoz Overpass Apt. 895,East Susanfurt,Vietnam,ecervantes@wright.info
S1870,Sue Neal,613 Curtis Park Suite 670,East Debbie,Mauritius,allenmisty@peters.biz
S1871,Brenda Freeman,8512 Wanda Lock,North Josephburgh,Mongolia,atkinsshaun@floyd.net
S1872,Roy Garcia,343 Sarah Keys Suite 343,Bowmanmouth,Vietnam,douglas48@yahoo.com
S1873,Corey Mckinney,753 Michelle Summit,Thomastown,Tanzania,jeffreyterry@yahoo.com
S1874,Sara Becker,48066 Reed Summit Apt. 539,Normaton,El Salvador,michaelwalker@reid.com
S1875,James Thompson,18323 Gerald Coves,Debrashire,United Kingdom,vmurphy@garcia-walsh.net
S1876,Brandon Cunningham,493 Hoover Route Apt. 715,Brittanyborough,Spain,sean56@yahoo.com
S1877,Patrick Nelson,09742 Moore Drive,Lake Natashaburgh,United Arab Emirates,nicolemoore@gmail.com
S1878,Emma Perez,3047 Cruz Cove Suite 547,Deborahmouth,Costa Rica,piercekim@hotmail.com
S1879,Michael Young,45275 Christopher Villages,Erikaborough,Madagascar,david80@turner-santiago.com
S1880,Becky Gonzalez,48896 Karina Landing Suite 130,Jennifershire,Sweden,villanuevakim@olson-whitehead.biz
S1881,Suzanne Rodriguez,626 Susan Key,Matthewborough,Falkland Islands (Malvinas),paulmills@yahoo.com
S1882,Michael Noble,50718 Thomas Via,Derekburgh,Guatemala,nicolecurtis@yahoo.com
S1883,David Mcgrath,9540 James Vista,Basschester,Mayotte,ianbyrd@bullock.com
S1884,Jeffrey Hart,5625 Peggy Plain Suite 833,Williamsfort,Kenya,huntaaron@carlson.com
S1885,Lauren Wright,877 Dawn Parks,West Kristenfort,South Africa,gwallace@gmail.com
S1886,Antonio Smith,81746 Linda Bypass Suite 997,Jerrymouth,Lebanon,oliviadowns@gmail.com
S1887,Laura Green,615 Erica Run Apt. 920,Port Carolynhaven,Morocco,madison09@brown-nelson.info
S1888,Marc Boone,8963 Michael Land Apt. 006,Catherinefurt,Puerto Rico,roysmith@johnson.biz
S1889,Kristin Mcbride,861 Jill Fields Suite 363,Josephport,Martinique,ythomas@gmail.com
S1890,Tina Carr,378 Robinson Island Suite 324,Port Wendyland,Algeria,udeleon@hotmail.com
S1891,Joseph Garza,3690 Crystal Center,East Ashleyberg,Hong Kong,thomasjackson@hotmail.com
S1892,Denise York,015 Roberts Mews,New Aprilton,South Georgia and the South Sandwich Islands,vward@hoffman-mendoza.com
S1893,Logan Martin,70367 Hubbard Tunnel,Kaylaberg,Hong Kong,kelly88@hart.com
S1894,Jeffrey Jones,0004 Frank Drive Suite 547,Natalieview,Turks and Caicos Islands,reidjimmy@yahoo.com
S1895,Kevin Gonzalez,31417 Kennedy Lodge Suite 165,Karenborough,Qatar,jill14@gmail.com
S1896,Betty Hurley,3967 Andrew Extension,Kristinview,Puerto Rico,ryansanchez@hotmail.com
S1897,Jasmine Dillon,392 Bradford Park Suite 216,Jonathanview,American Samoa,charles34@kelly-carroll.com
S1898,Andrea Taylor,548 Wilson Junction Suite 809,West Rebeccatown,Isle of Man,wjones@meyer.com
S1899,Derek Paul,6592 Linda Cliffs,Thorntonchester,Montenegro,steven44@bolton.com
S1900,Dr. Jenna Ward,166 Kim Circle,Lake Johnbury,Palestinian Territory,ghill@hotmail.com
S1901,Barbara Warren,4934 Taylor Row,Jordanfurt,Zimbabwe,kimjenna@hotmail.com
S1902,Roger Smith,551 Christine Mall Apt. 880,East Ashleyton,Jersey,mike56@gomez.com
S1903,Christina Davis,688 Natalie Ramp,Port Emily,Saint Barthelemy,calvin98@martin.biz
S1904,Lisa Myers,32331 Gentry Pine Apt. 629,Hansonfort,Sao Tome and Principe,lopezmegan@hall-norton.biz
S1905,Tanner Green,3204 Scott Overpass Apt. 637,Pamelabury,Ghana,johnsonandrew@martin-graham.com
S1906,Roger Cross,4243 Susan Isle Apt. 449,North Patriciaberg,Qatar,dconrad@gmail.com
S1907,Roger Beltran,2378 Sharon Views Suite 124,Jamesland,Tonga,peter73@gmail.com
S1908,Craig Hunt,429 Sandoval Loop,East Ashley,Bulgaria,lhenderson@russell.com
S1909,Katherine Nelson,69497 Johnson Rue,South Michael,Morocco,pjones@hotmail.com
S1910,Angela Stephenson,443 Jared Place Apt. 398,Walkerburgh,Ireland,darlenegreen@wells.com
S1911,Christopher Saunders,2697 Castillo Motorway,Edwardmouth,Djibouti,kcarter@hotmail.com
S1912,Mary Rocha,6608 West Meadow,Hudsonville,Netherlands,bryantdylan@wallace-smith.com
S1913,Michael Marks,1126 Jones Inlet Suite 976,Port Scottbury,Germany,lindayoung@mccarthy.net
S1914,Mary Delgado,365 Sarah Bridge Apt. 761,Juanfurt,Liberia,riggsjames@johnson.com
S1915,Anne Peterson,76562 Tony Extensions Suite 382,Allenchester,Ecuador,clinereginald@evans.biz
S1916,Laura Smith,253 Tracy Plain,Port Allison,Timor-Leste,vickimerritt@hotmail.com
S1917,Timothy Carey,361 Brandon Crest Apt. 888,Lisaland,Korea,stephen03@yahoo.com
S1918,Gregory Payne,9032 Tanner Forks Suite 271,Savageville,Sri Lanka,deanlewis@may.org
S1919,Chad Castillo DDS,630 Reed Mount Suite 899,Lake Leeport,Bermuda,jennifer23@yahoo.com
S1920,Brenda Cooper,952 Nathaniel Isle,East Ericaton,Mauritius,leonamber@hotmail.com
S1921,Casey Gray,34051 Billy Vista Apt. 294,Bradleyshire,Cuba,shawn55@gmail.com
S1922,Alexis Mendoza,39618 Norris Street Suite 629,Carolynfort,Iraq,andersonlori@moore.info
S1923,Teresa Reilly,59341 Silva Brooks Suite 037,West Kelly,Christmas Island,mitchellkevin@hotmail.com
S1924,Thomas Douglas,004 Nathaniel Mountain,Lake Isabellachester,Montenegro,william64@johnson.biz
S1925,Christian Stokes,831 Brown Parks Apt. 678,Jesseberg,Svalbard & Jan Mayen Islands,moorematthew@gmail.com
S1926,Bobby Vargas,4729 Dan Flats Apt. 218,Alvareztown,Romania,vsullivan@yahoo.com
S1927,Noah Roman,83387 Hopkins Oval Suite 996,Lake Bradley,Denmark,connor02@hotmail.com
S1928,Bradley Peterson,505 Heather Rapids,Paulachester,Nigeria,ericstewart@gmail.com
S1929,Leah Lee,9747 Wagner Field,Samanthamouth,Cayman Islands,bnichols@hernandez-jordan.com
S1930,Stephanie Soto,5939 Keller Lodge,New Lisaborough,Bolivia,jay32@kirby.net
S1931,James Taylor,8019 Gary Harbors Apt. 407,Jeffreybury,Guatemala,abbottalec@johnson.com
S1932,Donna Taylor,7425 Jennings Wall,North Tamara,Poland,xwatkins@gmail.com
S1933,Kathleen Vasquez,7152 Kayla Extensions,Maynardfort,Lesotho,dsalazar@hotmail.com
S1934,Carolyn Foster,782 Teresa Groves,Gabrielmouth,Myanmar,nicholas92@molina.com
S1935,Clifford Fitzgerald,58095 Jerry Groves,East Ericview,Bahamas,emiller@gmail.com
S1936,Ryan Richards,534 Paul Rue,Lake Brandonhaven,Taiwan,weberallison@yahoo.com
S1937,Zachary Turner,0982 Tamara Manor,Saundershaven,Saint Martin,smithamber@fernandez-hughes.net
S1938,Kimberly Sawyer,6613 Ellis Parks Suite 220,Christophershire,Nigeria,timothylewis@dunlap.info
S1939,Desiree Fuller,60178 Bridges Throughway,Navarroshire,Saint Martin,raymondmay@gmail.com
S1940,William Jones,38015 Deanna Coves,South Cristianfurt,Zambia,michaelgarcia@gallagher.org
S1941,Chelsea Harris,202 David Overpass,Whitakerport,Tokelau,yhanson@gmail.com
S1942,Leah Martinez,0376 Curtis Pass Apt. 645,Deannaport,Netherlands Antilles,qharvey@hotmail.com
S1943,Michaela Brown,21192 Miranda Plains Suite 479,North Amber,Papua New Guinea,alyssacarter@hotmail.com
S1944,Amber Mcdonald,9345 William Drive Apt. 131,Port Daniellechester,British Virgin Islands,sandracastro@yahoo.com
S1945,Matthew Bryant,50967 Susan Park,Port Andrew,Faroe Islands,stephanie79@hotmail.com
S1946,David Johnson,640 April Dale Suite 415,North Danielle,Italy,alejandro38@gmail.com
S1947,Cheryl Ramos,5559 Thomas Road Suite 279,Cassandrabury,Ukraine,coxemily@yahoo.com
S1948,Jennifer Thomas,122 Bradley Cliffs Apt. 852,West Mark,Czech Republic,matthew25@gmail.com
S1949,Robert Garner,8770 Phillip Pass Suite 311,Johnsonland,Cote d'Ivoire,deniselopez@clark.com
S1950,Larry Burns,839 Lopez Harbors,Brandonborough,Saudi Arabia,smcfarland@johnson.biz
S1951,Kristen Rivera,810 Patrick Walks Apt. 053,South John,Netherlands,sheri64@gmail.com
S1952,Robert Perry,1375 Maldonado Fort,Charlesbury,Korea,christine50@bryan-white.com
S1953,Julie Wu,1732 Ellison Mission,Fullershire,Samoa,michael63@shaw.com
S1954,Melanie Nguyen,24113 Jennifer Forge,New Scottfurt,New Zealand,ggrant@gmail.com
S1955,Valerie Harrison,8205 Lee Extension Suite 463,Vanessaborough,Poland,perkinsanne@smith.com
S1956,Kenneth Johnson,98071 Chapman Brook,Markhaven,Aruba,fisherjohn@thompson-anderson.com
S1957,Elizabeth Kelly,63547 Andrea Wells,Donnamouth,Hong Kong,andrewdavis@gmail.com
S1958,Elizabeth Torres,361 Erika Springs Apt. 121,Evanbury,Barbados,burtonstephanie@hotmail.com
S1959,Rita Clark,2506 Bennett Neck Apt. 860,East Christopher,Saint Kitts and Nevis,christyhill@hotmail.com
S1960,Michelle Buckley,397 Maurice Valleys,Lindaport,Mauritania,charlescurry@oneill.biz
S1961,Kaylee Larson,6242 Angela Club,West Heidifort,Mauritius,walkerkurt@stephens.org
S1962,Bobby Diaz,4005 Michael Via,East Deborah,Paraguay,sharmon@yahoo.com
S1963,Robin Brooks,98798 Thomas Valley,West Garyhaven,Indonesia,sara64@chambers.org
S1964,Richard Smith,854 Derek Wall,Marquezborough,Singapore,michael49@stewart-kane.biz
S1965,Nathaniel Chavez,1708 Michael Plain Apt. 290,Mcdonaldview,Germany,kathrynsmith@gmail.com
S1966,Beverly Melton,72120 Winters Corners Suite 514,Gillstad,Reunion,brian65@bates.org
S1967,Alejandra Harris,645 Emily Fork,Clarkfort,Uganda,fbutler@hotmail.com
S1968,Anthony Johnson,6229 Ryan Locks Suite 582,Coleport,Mozambique,kelli00@burton.com
S1969,Charlotte Williams,6365 Collins Knoll,Port James,El Salvador,trobertson@gmail.com
S1970,Charles Brooks,3100 Bowman Rue,Millsstad,Mozambique,mannamy@gmail.com
S1971,Daniel James,893 Arnold Station,Garyville,Cambodia,yvonnejenkins@hotmail.com
S1972,Ashley Livingston,23017 Stone Roads Apt. 411,Harrisonmouth,Spain,amyhuerta@hotmail.com
S1973,Curtis Williamson,495 Torres Bridge Suite 196,Tinahaven,Solomon Islands,martinezjoy@yahoo.com
S1974,James Marshall,91518 Jesse Isle,Ryanside,Aruba,matthew33@wolfe.biz
S1975,Katherine Walsh,0953 Christine Stream Suite 754,Port Heatherbury,Falkland Islands (Malvinas),mendezellen@thomas.com
S1976,Edward Robbins,84855 Powell Parkways,Port Austin,Sri Lanka,bradley91@lopez.com
S1977,Erik Mack,351 Green Port,Pageville,Venezuela,hebertcharles@riley-reeves.net
S1978,Christopher Ray,497 Rivera Lane,Erinview,Trinidad and Tobago,hatfieldkathryn@gonzales.com
S1979,Mrs. Tammy Vaughan,52146 Gonzales Village,New Stevehaven,Kyrgyz Republic,jjacobs@hotmail.com
S1980,Dylan Smith,806 Mann Station,New Sarahberg,Sierra Leone,hudsoncharles@malone-peterson.com
S1981,Amy Simmons,8282 Kelly Mews Suite 392,Oconnorland,Tuvalu,bethanywilliams@williams.com
S1982,Victoria Lawson,3788 Scott Causeway,Lake Stephanie,Sweden,nelsonmatthew@hotmail.com
S1983,Diane Wood,08895 Smith Wall Suite 211,East Jamesmouth,Ghana,gbarker@gmail.com
S1984,Candace Duffy,88264 Weber Ways,Port Phillip,Palau,bbrooks@mitchell.com
S1985,Dr. Courtney Smith DVM,2680 Gonzales Mall,Mcclainchester,Barbados,alisonharris@yahoo.com
S1986,Jessica Little,922 Jacob Camp,Maxwellchester,Czech Republic,nelsonkevin@morgan.org
S1987,John Ramos,83379 Garcia Parks,South Katherine,Maldives,sellerstyrone@watson.net
S1988,Betty Hines,54554 Bush Light,Emilytown,Svalbard & Jan Mayen Islands,gmoreno@santos-hart.net
S1989,Luke Moreno,43990 Robert Cape,Stevensonshire,Turks and Caicos Islands,wsilva@hotmail.com
S1990,Terri Reed,27062 Matthew Shores Apt. 989,Pruittmouth,Romania,tanner88@wright.org
S1991,David Watkins,85116 Loretta Lodge,Port Davidside,South Georgia and the South Sandwich Islands,cynthiacarlson@gmail.com
S1992,Eric Walton DDS,7434 Aaron Burg Apt. 373,Lake Kathy,Trinidad and Tobago,susan62@gmail.com
S1993,Matthew Brown,5791 Dana Forest,South Kellymouth,Haiti,chungjennifer@hotmail.com
S1994,Norma Walker,1167 Jeff Trail,Markfurt,Sierra Leone,dale74@fischer.com
S1995,Jane Wolf,708 Maxwell Station,Mercadomouth,Holy See (Vatican City State),sheilalewis@sosa.net
S1996,Melissa Bowman,48287 Madison Springs,Josephberg,Nigeria,lorigilbert@graham-solomon.com
S1997,Andrew Coleman,5248 John Roads,Timothyfurt,Congo,chelsea37@juarez.org
S1998,Laura Burns,53678 Flores Forest Apt. 162,Stevenstad,Algeria,stephanie36@gmail.com
S1999,Caleb Ward,50240 Debra Manor,Robertchester,Cuba,laurensweeney@johnson.com
